[
{
    "model": "admin.logentry",
    "pk": 1,
    "fields": {
        "action_time": "2025-01-24T08:13:17.489Z",
        "user": "5e02d875-97a3-4dc1-b653-e5a3afbd200e",
        "content_type": 8,
        "object_id": "1",
        "object_repr": "Rupees",
        "action_flag": 1,
        "change_message": "[{\"added\": {}}]"
    }
},
{
    "model": "admin.logentry",
    "pk": 2,
    "fields": {
        "action_time": "2025-01-24T08:13:19.245Z",
        "user": "5e02d875-97a3-4dc1-b653-e5a3afbd200e",
        "content_type": 6,
        "object_id": "1",
        "object_repr": "Nepal",
        "action_flag": 1,
        "change_message": "[{\"added\": {}}]"
    }
},
{
    "model": "admin.logentry",
    "pk": 3,
    "fields": {
        "action_time": "2025-01-24T08:22:07.518Z",
        "user": "5e02d875-97a3-4dc1-b653-e5a3afbd200e",
        "content_type": 7,
        "object_id": "0667a311-36b5-43fc-8beb-d9f1614e19d0",
        "object_repr": "Pokhara, Nepal",
        "action_flag": 1,
        "change_message": "[{\"added\": {}}]"
    }
},
{
    "model": "admin.logentry",
    "pk": 4,
    "fields": {
        "action_time": "2025-01-24T08:23:40.440Z",
        "user": "5e02d875-97a3-4dc1-b653-e5a3afbd200e",
        "content_type": 16,
        "object_id": "18f79831-3ebf-4d72-b1bc-735c6636ed55",
        "object_repr": "Hotel",
        "action_flag": 1,
        "change_message": "[{\"added\": {}}]"
    }
},
{
    "model": "admin.logentry",
    "pk": 5,
    "fields": {
        "action_time": "2025-01-24T08:35:21.806Z",
        "user": "5e02d875-97a3-4dc1-b653-e5a3afbd200e",
        "content_type": 18,
        "object_id": "d2eb90d4-9818-4c60-a7e8-3d3f6065ed49",
        "object_repr": "Hotel Sujit",
        "action_flag": 1,
        "change_message": "[{\"added\": {}}]"
    }
},
{
    "model": "admin.logentry",
    "pk": 6,
    "fields": {
        "action_time": "2025-01-24T08:35:41.089Z",
        "user": "5e02d875-97a3-4dc1-b653-e5a3afbd200e",
        "content_type": 17,
        "object_id": "d7ce5a4b-bcae-4956-9609-508040f8f035",
        "object_repr": "Hotel Sujit",
        "action_flag": 1,
        "change_message": "[{\"added\": {}}]"
    }
},
{
    "model": "admin.logentry",
    "pk": 7,
    "fields": {
        "action_time": "2025-01-24T08:36:28.124Z",
        "user": "5e02d875-97a3-4dc1-b653-e5a3afbd200e",
        "content_type": 22,
        "object_id": "992ade37-99d8-4a56-b2ff-0e2c4dc89b6a",
        "object_repr": "Room Amenities (Wi-Fi: True, TV: True)",
        "action_flag": 1,
        "change_message": "[{\"added\": {}}]"
    }
},
{
    "model": "admin.logentry",
    "pk": 8,
    "fields": {
        "action_time": "2025-01-24T08:36:50.116Z",
        "user": "5e02d875-97a3-4dc1-b653-e5a3afbd200e",
        "content_type": 23,
        "object_id": "22d77e6e-a4b5-4668-9c41-ffb3da836854",
        "object_repr": "Single Room (3 available)",
        "action_flag": 1,
        "change_message": "[{\"added\": {}}]"
    }
},
{
    "model": "admin.logentry",
    "pk": 9,
    "fields": {
        "action_time": "2025-01-24T09:20:12.070Z",
        "user": "5e02d875-97a3-4dc1-b653-e5a3afbd200e",
        "content_type": 18,
        "object_id": "88be0096-07a0-44db-92e1-13a70989597c",
        "object_repr": "Hotel Anju",
        "action_flag": 1,
        "change_message": "[{\"added\": {}}]"
    }
},
{
    "model": "admin.logentry",
    "pk": 10,
    "fields": {
        "action_time": "2025-01-24T09:22:09.797Z",
        "user": "5e02d875-97a3-4dc1-b653-e5a3afbd200e",
        "content_type": 22,
        "object_id": "5f89cee3-4886-4034-ab78-8002f707a756",
        "object_repr": "Room Amenities (Wi-Fi: True, TV: False)",
        "action_flag": 1,
        "change_message": "[{\"added\": {}}]"
    }
},
{
    "model": "admin.logentry",
    "pk": 11,
    "fields": {
        "action_time": "2025-01-24T09:22:41.593Z",
        "user": "5e02d875-97a3-4dc1-b653-e5a3afbd200e",
        "content_type": 23,
        "object_id": "a4a72014-7503-403c-8e3a-e39b8af12436",
        "object_repr": "Double Room (4 available)",
        "action_flag": 1,
        "change_message": "[{\"added\": {}}]"
    }
},
{
    "model": "admin.logentry",
    "pk": 12,
    "fields": {
        "action_time": "2025-01-25T07:53:32.328Z",
        "user": "5e02d875-97a3-4dc1-b653-e5a3afbd200e",
        "content_type": 27,
        "object_id": "c4585498-322c-4d74-ab28-478987716b27",
        "object_repr": "BWAHX5XK",
        "action_flag": 2,
        "change_message": "[{\"changed\": {\"fields\": [\"Password\", \"Is hotel owner\"]}}]"
    }
},
{
    "model": "admin.logentry",
    "pk": 13,
    "fields": {
        "action_time": "2025-01-25T08:29:13.040Z",
        "user": "5e02d875-97a3-4dc1-b653-e5a3afbd200e",
        "content_type": 12,
        "object_id": "1",
        "object_repr": "Breakfast Info (Serve: True, Included: False)",
        "action_flag": 3,
        "change_message": ""
    }
},
{
    "model": "admin.logentry",
    "pk": 14,
    "fields": {
        "action_time": "2025-01-26T06:09:23.903Z",
        "user": "5e02d875-97a3-4dc1-b653-e5a3afbd200e",
        "content_type": 17,
        "object_id": "e333af8e-96c4-4ff3-bb3e-ef97d72f7ab5",
        "object_repr": "Hotel Sujit",
        "action_flag": 1,
        "change_message": "[{\"added\": {}}]"
    }
},
{
    "model": "admin.logentry",
    "pk": 15,
    "fields": {
        "action_time": "2025-01-26T06:09:39.769Z",
        "user": "5e02d875-97a3-4dc1-b653-e5a3afbd200e",
        "content_type": 17,
        "object_id": "1d62021c-eb71-4a95-b8c8-a14dce834474",
        "object_repr": "Hotel Sujit",
        "action_flag": 1,
        "change_message": "[{\"added\": {}}]"
    }
},
{
    "model": "admin.logentry",
    "pk": 16,
    "fields": {
        "action_time": "2025-01-26T06:09:57.491Z",
        "user": "5e02d875-97a3-4dc1-b653-e5a3afbd200e",
        "content_type": 18,
        "object_id": "77e69b45-3525-4529-a159-2c5961604e2f",
        "object_repr": "Luxury Villa",
        "action_flag": 2,
        "change_message": "[]"
    }
},
{
    "model": "admin.logentry",
    "pk": 17,
    "fields": {
        "action_time": "2025-01-26T09:03:51.619Z",
        "user": "5e02d875-97a3-4dc1-b653-e5a3afbd200e",
        "content_type": 18,
        "object_id": "88be0096-07a0-44db-92e1-13a70989597c",
        "object_repr": "Hotel Anju",
        "action_flag": 2,
        "change_message": "[]"
    }
},
{
    "model": "admin.logentry",
    "pk": 18,
    "fields": {
        "action_time": "2025-01-26T10:26:18.641Z",
        "user": "5e02d875-97a3-4dc1-b653-e5a3afbd200e",
        "content_type": 16,
        "object_id": "c0fa688a-b023-4bb6-b8b7-467ffe79ce81",
        "object_repr": "Apartment",
        "action_flag": 1,
        "change_message": "[{\"added\": {}}]"
    }
},
{
    "model": "admin.logentry",
    "pk": 19,
    "fields": {
        "action_time": "2025-01-26T10:26:34.822Z",
        "user": "5e02d875-97a3-4dc1-b653-e5a3afbd200e",
        "content_type": 16,
        "object_id": "be049fa2-d57d-45a1-8916-b4466008fad4",
        "object_repr": "Villa",
        "action_flag": 1,
        "change_message": "[{\"added\": {}}]"
    }
},
{
    "model": "admin.logentry",
    "pk": 20,
    "fields": {
        "action_time": "2025-01-26T10:26:52.311Z",
        "user": "5e02d875-97a3-4dc1-b653-e5a3afbd200e",
        "content_type": 16,
        "object_id": "51ffbb8b-bc5e-43ff-9796-28eca534209f",
        "object_repr": "Cottage",
        "action_flag": 1,
        "change_message": "[{\"added\": {}}]"
    }
},
{
    "model": "admin.logentry",
    "pk": 21,
    "fields": {
        "action_time": "2025-01-27T05:07:15.674Z",
        "user": "5e02d875-97a3-4dc1-b653-e5a3afbd200e",
        "content_type": 18,
        "object_id": "d2eb90d4-9818-4c60-a7e8-3d3f6065ed49",
        "object_repr": "Hotel Sujit",
        "action_flag": 2,
        "change_message": "[{\"changed\": {\"fields\": [\"Star rating property\"]}}]"
    }
},
{
    "model": "admin.logentry",
    "pk": 22,
    "fields": {
        "action_time": "2025-01-27T06:08:36.590Z",
        "user": "5e02d875-97a3-4dc1-b653-e5a3afbd200e",
        "content_type": 16,
        "object_id": "18f79831-3ebf-4d72-b1bc-735c6636ed55",
        "object_repr": "Hotel",
        "action_flag": 2,
        "change_message": "[{\"changed\": {\"fields\": [\"Description\"]}}]"
    }
},
{
    "model": "admin.logentry",
    "pk": 23,
    "fields": {
        "action_time": "2025-01-28T05:43:41.903Z",
        "user": "5e02d875-97a3-4dc1-b653-e5a3afbd200e",
        "content_type": 29,
        "object_id": "1",
        "object_repr": "Weekly Offer for Hotel Anju (10% off)",
        "action_flag": 1,
        "change_message": "[{\"added\": {}}]"
    }
},
{
    "model": "admin.logentry",
    "pk": 24,
    "fields": {
        "action_time": "2025-01-28T06:41:07.772Z",
        "user": "5e02d875-97a3-4dc1-b653-e5a3afbd200e",
        "content_type": 14,
        "object_id": "1",
        "object_repr": "Policy (Check-in: 06:40:24, Check-out: 06:40:25)",
        "action_flag": 1,
        "change_message": "[{\"added\": {}}]"
    }
},
{
    "model": "admin.logentry",
    "pk": 25,
    "fields": {
        "action_time": "2025-01-28T08:46:45.629Z",
        "user": "5e02d875-97a3-4dc1-b653-e5a3afbd200e",
        "content_type": 29,
        "object_id": "1",
        "object_repr": "Weekly Offer for Hotel Sujit (10.00% off)",
        "action_flag": 2,
        "change_message": "[{\"changed\": {\"fields\": [\"Property\"]}}]"
    }
},
{
    "model": "admin.logentry",
    "pk": 26,
    "fields": {
        "action_time": "2025-01-30T04:00:42.971Z",
        "user": "5e02d875-97a3-4dc1-b653-e5a3afbd200e",
        "content_type": 9,
        "object_id": "e4af37e5-27f1-4343-a073-f7fccc116b86",
        "object_repr": "Question: Hello when is the check in and checkout time",
        "action_flag": 1,
        "change_message": "[{\"added\": {}}]"
    }
},
{
    "model": "admin.logentry",
    "pk": 27,
    "fields": {
        "action_time": "2025-01-30T04:01:16.876Z",
        "user": "5e02d875-97a3-4dc1-b653-e5a3afbd200e",
        "content_type": 9,
        "object_id": "32de2abf-2d69-4015-9593-57aab7d6ebbf",
        "object_repr": "Reply to: Hello when is the check in and checkout time",
        "action_flag": 1,
        "change_message": "[{\"added\": {}}]"
    }
},
{
    "model": "admin.logentry",
    "pk": 28,
    "fields": {
        "action_time": "2025-01-30T05:16:26.035Z",
        "user": "5e02d875-97a3-4dc1-b653-e5a3afbd200e",
        "content_type": 26,
        "object_id": "60933886-339f-4e4e-ae02-cf5ee716fa05",
        "object_repr": "Price for Single Room (3 available) - 200 Rupees",
        "action_flag": 1,
        "change_message": "[{\"added\": {}}]"
    }
},
{
    "model": "admin.logentry",
    "pk": 29,
    "fields": {
        "action_time": "2025-01-30T05:16:45.900Z",
        "user": "5e02d875-97a3-4dc1-b653-e5a3afbd200e",
        "content_type": 26,
        "object_id": "60933886-339f-4e4e-ae02-cf5ee716fa05",
        "object_repr": "Price for Single Room (3 available) - 4500.00 Rupees",
        "action_flag": 2,
        "change_message": "[{\"changed\": {\"fields\": [\"Base price per night\"]}}]"
    }
},
{
    "model": "admin.logentry",
    "pk": 30,
    "fields": {
        "action_time": "2025-01-30T08:45:11.599Z",
        "user": "5e02d875-97a3-4dc1-b653-e5a3afbd200e",
        "content_type": 24,
        "object_id": "ac90abeb-655b-4f01-88b4-48b4043f863d",
        "object_repr": "RoomImages object (ac90abeb-655b-4f01-88b4-48b4043f863d)",
        "action_flag": 1,
        "change_message": "[{\"added\": {}}]"
    }
},
{
    "model": "admin.logentry",
    "pk": 31,
    "fields": {
        "action_time": "2025-01-30T08:45:26.008Z",
        "user": "5e02d875-97a3-4dc1-b653-e5a3afbd200e",
        "content_type": 24,
        "object_id": "9f595398-0d6c-472d-8740-03620d12b589",
        "object_repr": "RoomImages object (9f595398-0d6c-472d-8740-03620d12b589)",
        "action_flag": 1,
        "change_message": "[{\"added\": {}}]"
    }
},
{
    "model": "admin.logentry",
    "pk": 32,
    "fields": {
        "action_time": "2025-01-30T08:45:46.682Z",
        "user": "5e02d875-97a3-4dc1-b653-e5a3afbd200e",
        "content_type": 24,
        "object_id": "2b7751fe-5a56-462c-9e1d-c2573659b5ac",
        "object_repr": "RoomImages object (2b7751fe-5a56-462c-9e1d-c2573659b5ac)",
        "action_flag": 1,
        "change_message": "[{\"added\": {}}]"
    }
},
{
    "model": "admin.logentry",
    "pk": 33,
    "fields": {
        "action_time": "2025-01-30T09:06:44.312Z",
        "user": "5e02d875-97a3-4dc1-b653-e5a3afbd200e",
        "content_type": 15,
        "object_id": "5",
        "object_repr": "Free Wi-Fi at Hotel Sujit",
        "action_flag": 1,
        "change_message": "[{\"added\": {}}]"
    }
},
{
    "model": "admin.logentry",
    "pk": 34,
    "fields": {
        "action_time": "2025-01-30T09:06:59.821Z",
        "user": "5e02d875-97a3-4dc1-b653-e5a3afbd200e",
        "content_type": 15,
        "object_id": "6",
        "object_repr": "Swimming Pool at Hotel Sujit",
        "action_flag": 1,
        "change_message": "[{\"added\": {}}]"
    }
},
{
    "model": "admin.logentry",
    "pk": 35,
    "fields": {
        "action_time": "2025-01-30T09:07:15.096Z",
        "user": "5e02d875-97a3-4dc1-b653-e5a3afbd200e",
        "content_type": 15,
        "object_id": "7",
        "object_repr": "Parking at Hotel Sujit",
        "action_flag": 1,
        "change_message": "[{\"added\": {}}]"
    }
},
{
    "model": "admin.logentry",
    "pk": 36,
    "fields": {
        "action_time": "2025-01-30T09:25:05.724Z",
        "user": "5e02d875-97a3-4dc1-b653-e5a3afbd200e",
        "content_type": 20,
        "object_id": "bc2a0067-d76a-4bc3-8819-2b5bcf9ec27e",
        "object_repr": "PropertyReview object (bc2a0067-d76a-4bc3-8819-2b5bcf9ec27e)",
        "action_flag": 1,
        "change_message": "[{\"added\": {}}]"
    }
},
{
    "model": "admin.logentry",
    "pk": 37,
    "fields": {
        "action_time": "2025-01-30T09:25:56.230Z",
        "user": "5e02d875-97a3-4dc1-b653-e5a3afbd200e",
        "content_type": 19,
        "object_id": "e6e634ca-21c9-4ba4-b72f-2ab060e35a0d",
        "object_repr": "GuestReview object (e6e634ca-21c9-4ba4-b72f-2ab060e35a0d)",
        "action_flag": 1,
        "change_message": "[{\"added\": {}}]"
    }
},
{
    "model": "admin.logentry",
    "pk": 38,
    "fields": {
        "action_time": "2025-01-31T04:53:55.603Z",
        "user": "5e02d875-97a3-4dc1-b653-e5a3afbd200e",
        "content_type": 20,
        "object_id": "bc2a0067-d76a-4bc3-8819-2b5bcf9ec27e",
        "object_repr": "PropertyReview object (bc2a0067-d76a-4bc3-8819-2b5bcf9ec27e)",
        "action_flag": 3,
        "change_message": ""
    }
},
{
    "model": "admin.logentry",
    "pk": 39,
    "fields": {
        "action_time": "2025-01-31T04:54:14.195Z",
        "user": "5e02d875-97a3-4dc1-b653-e5a3afbd200e",
        "content_type": 19,
        "object_id": "e6e634ca-21c9-4ba4-b72f-2ab060e35a0d",
        "object_repr": "GuestReview object (e6e634ca-21c9-4ba4-b72f-2ab060e35a0d)",
        "action_flag": 3,
        "change_message": ""
    }
},
{
    "model": "admin.logentry",
    "pk": 40,
    "fields": {
        "action_time": "2025-01-31T04:54:14.195Z",
        "user": "5e02d875-97a3-4dc1-b653-e5a3afbd200e",
        "content_type": 19,
        "object_id": "c5aef46d-3654-44c5-a95b-b53c65727ade",
        "object_repr": "GuestReview object (c5aef46d-3654-44c5-a95b-b53c65727ade)",
        "action_flag": 3,
        "change_message": ""
    }
},
{
    "model": "admin.logentry",
    "pk": 41,
    "fields": {
        "action_time": "2025-01-31T04:54:14.195Z",
        "user": "5e02d875-97a3-4dc1-b653-e5a3afbd200e",
        "content_type": 19,
        "object_id": "a5367467-f742-482f-a1e6-f370cb47d0aa",
        "object_repr": "GuestReview object (a5367467-f742-482f-a1e6-f370cb47d0aa)",
        "action_flag": 3,
        "change_message": ""
    }
},
{
    "model": "admin.logentry",
    "pk": 42,
    "fields": {
        "action_time": "2025-01-31T04:54:14.195Z",
        "user": "5e02d875-97a3-4dc1-b653-e5a3afbd200e",
        "content_type": 19,
        "object_id": "6870a862-b299-4e0d-8422-df6b8c34ce8c",
        "object_repr": "GuestReview object (6870a862-b299-4e0d-8422-df6b8c34ce8c)",
        "action_flag": 3,
        "change_message": ""
    }
},
{
    "model": "admin.logentry",
    "pk": 43,
    "fields": {
        "action_time": "2025-01-31T04:57:05.223Z",
        "user": "5e02d875-97a3-4dc1-b653-e5a3afbd200e",
        "content_type": 19,
        "object_id": "450f6d28-fbf7-4c3d-9327-2102c2170471",
        "object_repr": "GuestReview object (450f6d28-fbf7-4c3d-9327-2102c2170471)",
        "action_flag": 3,
        "change_message": ""
    }
},
{
    "model": "admin.logentry",
    "pk": 44,
    "fields": {
        "action_time": "2025-01-31T05:02:20.278Z",
        "user": "5e02d875-97a3-4dc1-b653-e5a3afbd200e",
        "content_type": 19,
        "object_id": "e2f0ba9d-8513-4742-b2b9-6ca2f246a807",
        "object_repr": "GuestReview object (e2f0ba9d-8513-4742-b2b9-6ca2f246a807)",
        "action_flag": 3,
        "change_message": ""
    }
},
{
    "model": "admin.logentry",
    "pk": 45,
    "fields": {
        "action_time": "2025-02-02T06:10:17.238Z",
        "user": "5e02d875-97a3-4dc1-b653-e5a3afbd200e",
        "content_type": 20,
        "object_id": "16c0f976-1872-42ad-bf0b-fe611cf45934",
        "object_repr": "Review by BWAHX5XK on Hotel Sujit",
        "action_flag": 1,
        "change_message": "[{\"added\": {}}]"
    }
},
{
    "model": "admin.logentry",
    "pk": 46,
    "fields": {
        "action_time": "2025-02-03T05:09:36.238Z",
        "user": "5e02d875-97a3-4dc1-b653-e5a3afbd200e",
        "content_type": 26,
        "object_id": "80a6df0b-44c6-4802-bebd-b966c9638310",
        "object_repr": "Price for Double Room (4 available) - 3500 Rupees",
        "action_flag": 1,
        "change_message": "[{\"added\": {}}]"
    }
},
{
    "model": "admin.logentry",
    "pk": 47,
    "fields": {
        "action_time": "2025-02-04T05:09:31.278Z",
        "user": "5e02d875-97a3-4dc1-b653-e5a3afbd200e",
        "content_type": 10,
        "object_id": "3b8c2c8a-163b-4b78-a3f6-f47015f4e9fc",
        "object_repr": "Question: What is MoreLiving",
        "action_flag": 1,
        "change_message": "[{\"added\": {}}]"
    }
},
{
    "model": "admin.logentry",
    "pk": 48,
    "fields": {
        "action_time": "2025-02-04T05:09:57.787Z",
        "user": "5e02d875-97a3-4dc1-b653-e5a3afbd200e",
        "content_type": 10,
        "object_id": "311a0649-03fd-48ae-8c47-e5614afd6b63",
        "object_repr": "Reply to: What is MoreLiving",
        "action_flag": 1,
        "change_message": "[{\"added\": {}}]"
    }
},
{
    "model": "admin.logentry",
    "pk": 49,
    "fields": {
        "action_time": "2025-02-05T07:11:31.631Z",
        "user": "5e02d875-97a3-4dc1-b653-e5a3afbd200e",
        "content_type": 11,
        "object_id": "4",
        "object_repr": "parking",
        "action_flag": 3,
        "change_message": ""
    }
},
{
    "model": "admin.logentry",
    "pk": 50,
    "fields": {
        "action_time": "2025-02-05T07:11:31.632Z",
        "user": "5e02d875-97a3-4dc1-b653-e5a3afbd200e",
        "content_type": 11,
        "object_id": "3",
        "object_repr": "Parking",
        "action_flag": 3,
        "change_message": ""
    }
},
{
    "model": "admin.logentry",
    "pk": 51,
    "fields": {
        "action_time": "2025-02-05T07:11:31.632Z",
        "user": "5e02d875-97a3-4dc1-b653-e5a3afbd200e",
        "content_type": 11,
        "object_id": "2",
        "object_repr": "Swimming Pool",
        "action_flag": 3,
        "change_message": ""
    }
},
{
    "model": "admin.logentry",
    "pk": 52,
    "fields": {
        "action_time": "2025-02-05T07:11:31.632Z",
        "user": "5e02d875-97a3-4dc1-b653-e5a3afbd200e",
        "content_type": 11,
        "object_id": "1",
        "object_repr": "Free Wi-Fi",
        "action_flag": 3,
        "change_message": ""
    }
},
{
    "model": "admin.logentry",
    "pk": 53,
    "fields": {
        "action_time": "2025-02-05T07:55:41.442Z",
        "user": "5e02d875-97a3-4dc1-b653-e5a3afbd200e",
        "content_type": 22,
        "object_id": "992ade37-99d8-4a56-b2ff-0e2c4dc89b6a",
        "object_repr": "Room Amenities (Wi-Fi: True, TV: True)",
        "action_flag": 2,
        "change_message": "[{\"changed\": {\"fields\": [\"Room type\"]}}]"
    }
},
{
    "model": "admin.logentry",
    "pk": 54,
    "fields": {
        "action_time": "2025-02-05T07:55:52.498Z",
        "user": "5e02d875-97a3-4dc1-b653-e5a3afbd200e",
        "content_type": 22,
        "object_id": "5f89cee3-4886-4034-ab78-8002f707a756",
        "object_repr": "Room Amenities (Wi-Fi: True, TV: False)",
        "action_flag": 2,
        "change_message": "[{\"changed\": {\"fields\": [\"Room type\"]}}]"
    }
},
{
    "model": "admin.logentry",
    "pk": 55,
    "fields": {
        "action_time": "2025-02-05T07:57:45.012Z",
        "user": "5e02d875-97a3-4dc1-b653-e5a3afbd200e",
        "content_type": 21,
        "object_id": "6f7b4243-3741-4cbe-8112-a7d3d1fb48ae",
        "object_repr": "Single Bed",
        "action_flag": 1,
        "change_message": "[{\"added\": {}}]"
    }
},
{
    "model": "admin.logentry",
    "pk": 56,
    "fields": {
        "action_time": "2025-02-05T07:57:54.049Z",
        "user": "5e02d875-97a3-4dc1-b653-e5a3afbd200e",
        "content_type": 21,
        "object_id": "621f8636-9a22-4272-8219-04f0be49ca76",
        "object_repr": "Double Bed",
        "action_flag": 1,
        "change_message": "[{\"added\": {}}]"
    }
},
{
    "model": "admin.logentry",
    "pk": 57,
    "fields": {
        "action_time": "2025-02-05T07:58:06.075Z",
        "user": "5e02d875-97a3-4dc1-b653-e5a3afbd200e",
        "content_type": 21,
        "object_id": "755422bd-fee1-4f43-86bd-8b24cd4fd3f7",
        "object_repr": "Queen Bed",
        "action_flag": 1,
        "change_message": "[{\"added\": {}}]"
    }
},
{
    "model": "admin.logentry",
    "pk": 58,
    "fields": {
        "action_time": "2025-02-05T07:58:15.334Z",
        "user": "5e02d875-97a3-4dc1-b653-e5a3afbd200e",
        "content_type": 21,
        "object_id": "f2dd572e-9912-422f-bb9e-8022911d640b",
        "object_repr": "King Bed",
        "action_flag": 1,
        "change_message": "[{\"added\": {}}]"
    }
},
{
    "model": "admin.logentry",
    "pk": 59,
    "fields": {
        "action_time": "2025-02-05T07:58:26.371Z",
        "user": "5e02d875-97a3-4dc1-b653-e5a3afbd200e",
        "content_type": 21,
        "object_id": "a4d79b7a-ca3f-462e-a209-d831c789265f",
        "object_repr": "Sofa Bed",
        "action_flag": 1,
        "change_message": "[{\"added\": {}}]"
    }
},
{
    "model": "admin.logentry",
    "pk": 60,
    "fields": {
        "action_time": "2025-02-05T07:58:36.052Z",
        "user": "5e02d875-97a3-4dc1-b653-e5a3afbd200e",
        "content_type": 21,
        "object_id": "81382665-cffe-4de4-a568-4e096bccdd63",
        "object_repr": "Bunk Bed",
        "action_flag": 1,
        "change_message": "[{\"added\": {}}]"
    }
},
{
    "model": "admin.logentry",
    "pk": 61,
    "fields": {
        "action_time": "2025-02-05T07:58:45.781Z",
        "user": "5e02d875-97a3-4dc1-b653-e5a3afbd200e",
        "content_type": 21,
        "object_id": "93ab6e9c-5687-4f4b-b44e-63fb2fc3afcd",
        "object_repr": "Futon",
        "action_flag": 1,
        "change_message": "[{\"added\": {}}]"
    }
},
{
    "model": "admin.logentry",
    "pk": 62,
    "fields": {
        "action_time": "2025-02-09T05:41:48.278Z",
        "user": "5e02d875-97a3-4dc1-b653-e5a3afbd200e",
        "content_type": 28,
        "object_id": "75465d1e-8ecf-47b3-a0de-b1622e2ac55d",
        "object_repr": "Booking for single_room (2025-02-15 to 2025-02-20)",
        "action_flag": 3,
        "change_message": ""
    }
},
{
    "model": "admin.logentry",
    "pk": 63,
    "fields": {
        "action_time": "2025-02-09T05:43:38.291Z",
        "user": "5e02d875-97a3-4dc1-b653-e5a3afbd200e",
        "content_type": 28,
        "object_id": "c610e68a-e570-4c94-a3a9-aba90ac9620c",
        "object_repr": "Booking for single_room (2025-02-15 to 2025-02-20)",
        "action_flag": 3,
        "change_message": ""
    }
},
{
    "model": "admin.logentry",
    "pk": 64,
    "fields": {
        "action_time": "2025-02-09T05:49:58.575Z",
        "user": "5e02d875-97a3-4dc1-b653-e5a3afbd200e",
        "content_type": 28,
        "object_id": "abcc84c5-78b1-4989-a188-f76b0b0ff9b3",
        "object_repr": "Booking for single_room (2025-02-15 to 2025-02-20)",
        "action_flag": 3,
        "change_message": ""
    }
},
{
    "model": "admin.logentry",
    "pk": 65,
    "fields": {
        "action_time": "2025-02-09T05:53:11.206Z",
        "user": "5e02d875-97a3-4dc1-b653-e5a3afbd200e",
        "content_type": 28,
        "object_id": "4cae1942-50e3-4b8e-97d1-ab91f0589435",
        "object_repr": "Booking for single_room (2025-02-15 to 2025-02-20)",
        "action_flag": 3,
        "change_message": ""
    }
},
{
    "model": "admin.logentry",
    "pk": 66,
    "fields": {
        "action_time": "2025-02-09T05:56:28.200Z",
        "user": "5e02d875-97a3-4dc1-b653-e5a3afbd200e",
        "content_type": 28,
        "object_id": "b0222f5e-f0b4-4170-8682-cfa43623e754",
        "object_repr": "Booking for single_room (2025-02-15 to 2025-02-20)",
        "action_flag": 3,
        "change_message": ""
    }
},
{
    "model": "admin.logentry",
    "pk": 67,
    "fields": {
        "action_time": "2025-02-09T06:04:37.047Z",
        "user": "5e02d875-97a3-4dc1-b653-e5a3afbd200e",
        "content_type": 28,
        "object_id": "4fc867dd-e22d-4d6f-94dd-758c4279ab00",
        "object_repr": "Booking for single_room (2025-02-15 to 2025-02-20)",
        "action_flag": 3,
        "change_message": ""
    }
},
{
    "model": "admin.logentry",
    "pk": 68,
    "fields": {
        "action_time": "2025-02-09T06:06:06.809Z",
        "user": "5e02d875-97a3-4dc1-b653-e5a3afbd200e",
        "content_type": 28,
        "object_id": "1b293447-c2ab-484c-96fc-405b3b899f48",
        "object_repr": "Booking for single_room (2025-02-15 to 2025-02-20)",
        "action_flag": 3,
        "change_message": ""
    }
},
{
    "model": "admin.logentry",
    "pk": 69,
    "fields": {
        "action_time": "2025-02-09T06:25:35.821Z",
        "user": "5e02d875-97a3-4dc1-b653-e5a3afbd200e",
        "content_type": 8,
        "object_id": "1",
        "object_repr": "Rupees",
        "action_flag": 2,
        "change_message": "[{\"changed\": {\"fields\": [\"Currency code\", \"Currency symbol\"]}}]"
    }
},
{
    "model": "admin.logentry",
    "pk": 70,
    "fields": {
        "action_time": "2025-02-09T06:48:50.655Z",
        "user": "5e02d875-97a3-4dc1-b653-e5a3afbd200e",
        "content_type": 8,
        "object_id": "1",
        "object_repr": "Rupees",
        "action_flag": 2,
        "change_message": "[{\"changed\": {\"fields\": [\"Currency code\"]}}]"
    }
},
{
    "model": "admin.logentry",
    "pk": 71,
    "fields": {
        "action_time": "2025-02-09T07:22:50.610Z",
        "user": "5e02d875-97a3-4dc1-b653-e5a3afbd200e",
        "content_type": 16,
        "object_id": "3130182b-ecfe-4e34-904d-3e4a21a503c7",
        "object_repr": "Glamping And Campign",
        "action_flag": 1,
        "change_message": "[{\"added\": {}}]"
    }
},
{
    "model": "admin.logentry",
    "pk": 72,
    "fields": {
        "action_time": "2025-02-09T09:23:15.559Z",
        "user": "5e02d875-97a3-4dc1-b653-e5a3afbd200e",
        "content_type": 16,
        "object_id": "3130182b-ecfe-4e34-904d-3e4a21a503c7",
        "object_repr": "Glamping And Campign",
        "action_flag": 2,
        "change_message": "[]"
    }
},
{
    "model": "admin.logentry",
    "pk": 73,
    "fields": {
        "action_time": "2025-02-10T08:30:32.697Z",
        "user": "5e02d875-97a3-4dc1-b653-e5a3afbd200e",
        "content_type": 23,
        "object_id": "e3950d80-66e8-421d-9bc9-da537ea9a753",
        "object_repr": "Twin Room (3 available)",
        "action_flag": 1,
        "change_message": "[{\"added\": {}}, {\"added\": {\"name\": \"room amenities\", \"object\": \"Room Amenities (Wi-Fi: True, TV: True)\"}}, {\"added\": {\"name\": \"room bed\", \"object\": \"2 x Double Bed in Twin Room (3 available)\"}}, {\"added\": {\"name\": \"price\", \"object\": \"Price for Twin Room (3 available) - 4500 Rupees\"}}, {\"added\": {\"name\": \"room images\", \"object\": \"RoomImages object (bbaf2c7d-4f5a-49aa-bf19-5a344aa30d04)\"}}, {\"added\": {\"name\": \"room images\", \"object\": \"RoomImages object (d04e18cf-bf06-44a7-941e-c80f609ec3fc)\"}}]"
    }
},
{
    "model": "admin.logentry",
    "pk": 74,
    "fields": {
        "action_time": "2025-02-13T11:53:18.750Z",
        "user": "5e02d875-97a3-4dc1-b653-e5a3afbd200e",
        "content_type": 18,
        "object_id": "77e69b45-3525-4529-a159-2c5961604e2f",
        "object_repr": "Luxury Villa",
        "action_flag": 2,
        "change_message": "[{\"changed\": {\"fields\": [\"Is single unit\", \"Category\"]}}]"
    }
},
{
    "model": "admin.logentry",
    "pk": 75,
    "fields": {
        "action_time": "2025-02-13T11:58:58.205Z",
        "user": "5e02d875-97a3-4dc1-b653-e5a3afbd200e",
        "content_type": 18,
        "object_id": "77e69b45-3525-4529-a159-2c5961604e2f",
        "object_repr": "Luxury Villa",
        "action_flag": 2,
        "change_message": "[{\"added\": {\"name\": \"single unit price\", \"object\": \"Single Unit Price for Luxury Villa\"}}]"
    }
},
{
    "model": "admin.logentry",
    "pk": 76,
    "fields": {
        "action_time": "2025-02-16T04:31:38.888Z",
        "user": "5e02d875-97a3-4dc1-b653-e5a3afbd200e",
        "content_type": 18,
        "object_id": "d2eb90d4-9818-4c60-a7e8-3d3f6065ed49",
        "object_repr": "Hotel Sujit",
        "action_flag": 2,
        "change_message": "[{\"added\": {\"name\": \"property amenities\", \"object\": \"Free Wi-Fi at Hotel Sujit\"}}]"
    }
},
{
    "model": "admin.logentry",
    "pk": 77,
    "fields": {
        "action_time": "2025-02-16T05:00:58.961Z",
        "user": "5e02d875-97a3-4dc1-b653-e5a3afbd200e",
        "content_type": 23,
        "object_id": "22d77e6e-a4b5-4668-9c41-ffb3da836854",
        "object_repr": "Single Room (3 available)",
        "action_flag": 2,
        "change_message": "[{\"added\": {\"name\": \"room bed\", \"object\": \"1 x Queen Bed in Single Room (3 available)for Hotel Sujit\"}}]"
    }
},
{
    "model": "admin.logentry",
    "pk": 78,
    "fields": {
        "action_time": "2025-02-16T05:53:35.732Z",
        "user": "5e02d875-97a3-4dc1-b653-e5a3afbd200e",
        "content_type": 28,
        "object_id": "1f76fd15-88ed-4869-a0f6-cdcfcd1c07f4",
        "object_repr": "Booking for double_room (2025-02-15 to 2025-02-20) for Hotel Anju",
        "action_flag": 3,
        "change_message": ""
    }
},
{
    "model": "admin.logentry",
    "pk": 79,
    "fields": {
        "action_time": "2025-02-16T05:53:48.934Z",
        "user": "5e02d875-97a3-4dc1-b653-e5a3afbd200e",
        "content_type": 28,
        "object_id": "3efa168b-0e9b-41c9-9988-51ff77365cc7",
        "object_repr": "Booking for single_room (2025-02-15 to 2025-02-20) for Hotel Sujit",
        "action_flag": 3,
        "change_message": ""
    }
},
{
    "model": "admin.logentry",
    "pk": 80,
    "fields": {
        "action_time": "2025-02-16T05:53:48.934Z",
        "user": "5e02d875-97a3-4dc1-b653-e5a3afbd200e",
        "content_type": 28,
        "object_id": "3a3f4864-cbc6-4046-9610-42fcc6528ea6",
        "object_repr": "Booking for single_room (2025-02-17 to 2025-02-20) for Hotel Sujit",
        "action_flag": 3,
        "change_message": ""
    }
},
{
    "model": "admin.logentry",
    "pk": 81,
    "fields": {
        "action_time": "2025-02-16T05:56:24.834Z",
        "user": "5e02d875-97a3-4dc1-b653-e5a3afbd200e",
        "content_type": 28,
        "object_id": "9982c8f2-4bb5-4743-9e24-16d5fd3395d7",
        "object_repr": "Booking for single_room (2025-02-17 to 2025-02-20) for Hotel Sujit",
        "action_flag": 3,
        "change_message": ""
    }
},
{
    "model": "admin.logentry",
    "pk": 82,
    "fields": {
        "action_time": "2025-02-16T05:58:32.385Z",
        "user": "5e02d875-97a3-4dc1-b653-e5a3afbd200e",
        "content_type": 28,
        "object_id": "a0bcd310-f4d2-4eec-8814-c679bea1a89b",
        "object_repr": "Booking for single_room (2025-02-19 to 2025-02-28) for Hotel Sujit",
        "action_flag": 3,
        "change_message": ""
    }
},
{
    "model": "admin.logentry",
    "pk": 83,
    "fields": {
        "action_time": "2025-02-16T05:58:32.385Z",
        "user": "5e02d875-97a3-4dc1-b653-e5a3afbd200e",
        "content_type": 28,
        "object_id": "3aa5084a-1ac7-4e7a-8a4b-bbc419db80b2",
        "object_repr": "Booking for single_room (2025-02-17 to 2025-02-20) for Hotel Sujit",
        "action_flag": 3,
        "change_message": ""
    }
},
{
    "model": "admin.logentry",
    "pk": 84,
    "fields": {
        "action_time": "2025-02-16T06:10:03.359Z",
        "user": "5e02d875-97a3-4dc1-b653-e5a3afbd200e",
        "content_type": 28,
        "object_id": "8f0c088e-a21a-4440-b522-1dba10f7b6f8",
        "object_repr": "Booking for single_room (2025-02-17 to 2025-02-20) for Hotel Sujit",
        "action_flag": 3,
        "change_message": ""
    }
},
{
    "model": "admin.logentry",
    "pk": 85,
    "fields": {
        "action_time": "2025-02-16T06:15:18.268Z",
        "user": "5e02d875-97a3-4dc1-b653-e5a3afbd200e",
        "content_type": 28,
        "object_id": "05cf2f52-95ce-489a-839e-1ff360dff997",
        "object_repr": "Booking for single_room (2025-02-17 to 2025-02-20) for Hotel Sujit",
        "action_flag": 3,
        "change_message": ""
    }
},
{
    "model": "admin.logentry",
    "pk": 86,
    "fields": {
        "action_time": "2025-02-16T06:16:23.614Z",
        "user": "5e02d875-97a3-4dc1-b653-e5a3afbd200e",
        "content_type": 28,
        "object_id": "40a3226b-0e61-4973-a432-e911bcdd4474",
        "object_repr": "Booking for single_room (2025-02-17 to 2025-02-20) for Hotel Sujit",
        "action_flag": 3,
        "change_message": ""
    }
},
{
    "model": "admin.logentry",
    "pk": 87,
    "fields": {
        "action_time": "2025-02-16T07:20:28.004Z",
        "user": "5e02d875-97a3-4dc1-b653-e5a3afbd200e",
        "content_type": 28,
        "object_id": "e45644b3-2df4-4827-bdba-f047425b7321",
        "object_repr": "Booking for single_room (2025-02-17 to 2025-02-19) for Hotel Sujit",
        "action_flag": 3,
        "change_message": ""
    }
},
{
    "model": "admin.logentry",
    "pk": 88,
    "fields": {
        "action_time": "2025-02-17T06:44:11.493Z",
        "user": "5e02d875-97a3-4dc1-b653-e5a3afbd200e",
        "content_type": 19,
        "object_id": "d6f912ad-62e2-48a7-8ec5-2426be914e4b",
        "object_repr": "GuestReview object (d6f912ad-62e2-48a7-8ec5-2426be914e4b)",
        "action_flag": 3,
        "change_message": ""
    }
},
{
    "model": "admin.logentry",
    "pk": 89,
    "fields": {
        "action_time": "2025-02-17T06:44:11.493Z",
        "user": "5e02d875-97a3-4dc1-b653-e5a3afbd200e",
        "content_type": 19,
        "object_id": "b5485bd6-853a-44f2-8f3e-78ce235b9525",
        "object_repr": "GuestReview object (b5485bd6-853a-44f2-8f3e-78ce235b9525)",
        "action_flag": 3,
        "change_message": ""
    }
},
{
    "model": "admin.logentry",
    "pk": 90,
    "fields": {
        "action_time": "2025-02-17T06:44:11.493Z",
        "user": "5e02d875-97a3-4dc1-b653-e5a3afbd200e",
        "content_type": 19,
        "object_id": "b0ae8a65-19fe-4431-931a-21987ddb26c9",
        "object_repr": "GuestReview object (b0ae8a65-19fe-4431-931a-21987ddb26c9)",
        "action_flag": 3,
        "change_message": ""
    }
},
{
    "model": "admin.logentry",
    "pk": 91,
    "fields": {
        "action_time": "2025-02-17T06:57:27.681Z",
        "user": "5e02d875-97a3-4dc1-b653-e5a3afbd200e",
        "content_type": 19,
        "object_id": "0c1023e0-ec21-400b-b668-3ea4d0eee303",
        "object_repr": "GuestReview object (0c1023e0-ec21-400b-b668-3ea4d0eee303)",
        "action_flag": 3,
        "change_message": ""
    }
},
{
    "model": "admin.logentry",
    "pk": 92,
    "fields": {
        "action_time": "2025-02-17T06:57:37.424Z",
        "user": "5e02d875-97a3-4dc1-b653-e5a3afbd200e",
        "content_type": 19,
        "object_id": "9fe457db-ebdd-4ef1-b307-d6dc5f8abdf7",
        "object_repr": "GuestReview object (9fe457db-ebdd-4ef1-b307-d6dc5f8abdf7)",
        "action_flag": 3,
        "change_message": ""
    }
},
{
    "model": "admin.logentry",
    "pk": 93,
    "fields": {
        "action_time": "2025-02-17T07:07:53.840Z",
        "user": "5e02d875-97a3-4dc1-b653-e5a3afbd200e",
        "content_type": 19,
        "object_id": "c15fda08-6e99-4257-bc78-997361b857fc",
        "object_repr": "GuestReview object (c15fda08-6e99-4257-bc78-997361b857fc)",
        "action_flag": 3,
        "change_message": ""
    }
},
{
    "model": "admin.logentry",
    "pk": 94,
    "fields": {
        "action_time": "2025-02-17T07:11:54.752Z",
        "user": "5e02d875-97a3-4dc1-b653-e5a3afbd200e",
        "content_type": 19,
        "object_id": "a89d0af7-6c60-4d88-a6a8-d2b5d9ce5d66",
        "object_repr": "GuestReview object (a89d0af7-6c60-4d88-a6a8-d2b5d9ce5d66)",
        "action_flag": 3,
        "change_message": ""
    }
},
{
    "model": "admin.logentry",
    "pk": 95,
    "fields": {
        "action_time": "2025-02-17T07:11:54.752Z",
        "user": "5e02d875-97a3-4dc1-b653-e5a3afbd200e",
        "content_type": 19,
        "object_id": "89c131ef-ae75-439c-9ad5-42dc3a69910b",
        "object_repr": "GuestReview object (89c131ef-ae75-439c-9ad5-42dc3a69910b)",
        "action_flag": 3,
        "change_message": ""
    }
},
{
    "model": "admin.logentry",
    "pk": 96,
    "fields": {
        "action_time": "2025-02-17T07:12:52.351Z",
        "user": "5e02d875-97a3-4dc1-b653-e5a3afbd200e",
        "content_type": 19,
        "object_id": "7b279bb0-9708-4ac8-a158-f21a7374c27a",
        "object_repr": "GuestReview object (7b279bb0-9708-4ac8-a158-f21a7374c27a)",
        "action_flag": 3,
        "change_message": ""
    }
},
{
    "model": "admin.logentry",
    "pk": 97,
    "fields": {
        "action_time": "2025-02-17T07:17:00.194Z",
        "user": "5e02d875-97a3-4dc1-b653-e5a3afbd200e",
        "content_type": 19,
        "object_id": "b9f6b1ec-402b-454e-ba7a-b2e7071e10cc",
        "object_repr": "GuestReview object (b9f6b1ec-402b-454e-ba7a-b2e7071e10cc)",
        "action_flag": 1,
        "change_message": "[{\"added\": {}}]"
    }
},
{
    "model": "admin.logentry",
    "pk": 98,
    "fields": {
        "action_time": "2025-02-17T07:17:24.698Z",
        "user": "5e02d875-97a3-4dc1-b653-e5a3afbd200e",
        "content_type": 19,
        "object_id": "393eca63-da46-46ef-a64e-8d0a2bf605b0",
        "object_repr": "GuestReview object (393eca63-da46-46ef-a64e-8d0a2bf605b0)",
        "action_flag": 1,
        "change_message": "[{\"added\": {}}]"
    }
},
{
    "model": "admin.logentry",
    "pk": 99,
    "fields": {
        "action_time": "2025-02-17T08:44:25.027Z",
        "user": "5e02d875-97a3-4dc1-b653-e5a3afbd200e",
        "content_type": 19,
        "object_id": "1a3ea6c3-19a7-413f-81f9-294eb4ece521",
        "object_repr": "Guest Review for Hotel Sujit",
        "action_flag": 3,
        "change_message": ""
    }
},
{
    "model": "admin.logentry",
    "pk": 100,
    "fields": {
        "action_time": "2025-02-17T10:02:43.923Z",
        "user": "5e02d875-97a3-4dc1-b653-e5a3afbd200e",
        "content_type": 19,
        "object_id": "b9f6b1ec-402b-454e-ba7a-b2e7071e10cc",
        "object_repr": "Guest Review for Hotel Sujit",
        "action_flag": 3,
        "change_message": ""
    }
},
{
    "model": "admin.logentry",
    "pk": 101,
    "fields": {
        "action_time": "2025-02-17T10:02:43.923Z",
        "user": "5e02d875-97a3-4dc1-b653-e5a3afbd200e",
        "content_type": 19,
        "object_id": "393eca63-da46-46ef-a64e-8d0a2bf605b0",
        "object_repr": "Guest Review for Hotel Sujit",
        "action_flag": 3,
        "change_message": ""
    }
},
{
    "model": "admin.logentry",
    "pk": 102,
    "fields": {
        "action_time": "2025-02-17T10:16:14.010Z",
        "user": "5e02d875-97a3-4dc1-b653-e5a3afbd200e",
        "content_type": 8,
        "object_id": "2",
        "object_repr": "Swedish Krona",
        "action_flag": 1,
        "change_message": "[{\"added\": {}}]"
    }
},
{
    "model": "admin.logentry",
    "pk": 103,
    "fields": {
        "action_time": "2025-02-17T10:16:35.789Z",
        "user": "5e02d875-97a3-4dc1-b653-e5a3afbd200e",
        "content_type": 6,
        "object_id": "2",
        "object_repr": "Sweden",
        "action_flag": 1,
        "change_message": "[{\"added\": {}}]"
    }
},
{
    "model": "admin.logentry",
    "pk": 104,
    "fields": {
        "action_time": "2025-02-18T06:24:47.549Z",
        "user": "5e02d875-97a3-4dc1-b653-e5a3afbd200e",
        "content_type": 7,
        "object_id": "0667a311-36b5-43fc-8beb-d9f1614e19d0",
        "object_repr": "Pokhara, Nepal",
        "action_flag": 2,
        "change_message": "[{\"changed\": {\"fields\": [\"Image\"]}}]"
    }
},
{
    "model": "admin.logentry",
    "pk": 105,
    "fields": {
        "action_time": "2025-02-18T06:25:05.559Z",
        "user": "5e02d875-97a3-4dc1-b653-e5a3afbd200e",
        "content_type": 7,
        "object_id": "e74319c8-a479-4dd3-800b-ca4ba8f5fa2b",
        "object_repr": "Kathmandu, Nepal",
        "action_flag": 2,
        "change_message": "[{\"changed\": {\"fields\": [\"Image\"]}}]"
    }
},
{
    "model": "admin.logentry",
    "pk": 106,
    "fields": {
        "action_time": "2025-02-18T06:25:24.300Z",
        "user": "5e02d875-97a3-4dc1-b653-e5a3afbd200e",
        "content_type": 7,
        "object_id": "e4401256-b090-42b2-9b62-136ce541a16e",
        "object_repr": "Malmö, Sweden",
        "action_flag": 2,
        "change_message": "[{\"changed\": {\"fields\": [\"Image\"]}}]"
    }
},
{
    "model": "admin.logentry",
    "pk": 107,
    "fields": {
        "action_time": "2025-02-18T06:25:48.030Z",
        "user": "5e02d875-97a3-4dc1-b653-e5a3afbd200e",
        "content_type": 7,
        "object_id": "dabda5c0-036d-4190-8e28-f44a639fcb26",
        "object_repr": "Västerås, Sweden",
        "action_flag": 2,
        "change_message": "[{\"changed\": {\"fields\": [\"Image\"]}}]"
    }
},
{
    "model": "admin.logentry",
    "pk": 108,
    "fields": {
        "action_time": "2025-02-18T06:26:07.087Z",
        "user": "5e02d875-97a3-4dc1-b653-e5a3afbd200e",
        "content_type": 7,
        "object_id": "b95a03f7-c208-4269-a84b-918684b05ef1",
        "object_repr": "Lalitpur, Nepal",
        "action_flag": 2,
        "change_message": "[{\"changed\": {\"fields\": [\"Image\"]}}]"
    }
},
{
    "model": "admin.logentry",
    "pk": 109,
    "fields": {
        "action_time": "2025-02-18T06:26:33.014Z",
        "user": "5e02d875-97a3-4dc1-b653-e5a3afbd200e",
        "content_type": 7,
        "object_id": "ad29ee6c-5ff4-4b79-8639-4f98c1aec57b",
        "object_repr": "Uppsala, Sweden",
        "action_flag": 2,
        "change_message": "[{\"changed\": {\"fields\": [\"Image\"]}}]"
    }
},
{
    "model": "admin.logentry",
    "pk": 110,
    "fields": {
        "action_time": "2025-02-18T06:26:55.343Z",
        "user": "5e02d875-97a3-4dc1-b653-e5a3afbd200e",
        "content_type": 7,
        "object_id": "a98dd4b7-a810-4757-8733-1d7f3bd1c46b",
        "object_repr": "Birgunj, Nepal",
        "action_flag": 2,
        "change_message": "[{\"changed\": {\"fields\": [\"Image\"]}}]"
    }
},
{
    "model": "admin.logentry",
    "pk": 111,
    "fields": {
        "action_time": "2025-02-18T06:27:17.036Z",
        "user": "5e02d875-97a3-4dc1-b653-e5a3afbd200e",
        "content_type": 7,
        "object_id": "784ed73e-7d1b-4e8d-b0ca-f21e76b35701",
        "object_repr": "Biratnagar, Nepal",
        "action_flag": 2,
        "change_message": "[{\"changed\": {\"fields\": [\"Image\"]}}]"
    }
},
{
    "model": "admin.logentry",
    "pk": 112,
    "fields": {
        "action_time": "2025-02-18T06:27:33.906Z",
        "user": "5e02d875-97a3-4dc1-b653-e5a3afbd200e",
        "content_type": 7,
        "object_id": "4ea10008-181a-461c-b0cd-955fd746319f",
        "object_repr": "Örebro, Sweden",
        "action_flag": 2,
        "change_message": "[{\"changed\": {\"fields\": [\"Image\"]}}]"
    }
},
{
    "model": "admin.logentry",
    "pk": 113,
    "fields": {
        "action_time": "2025-02-18T06:27:57.577Z",
        "user": "5e02d875-97a3-4dc1-b653-e5a3afbd200e",
        "content_type": 7,
        "object_id": "1aa32e6a-fbbe-451e-bc9d-d5f3d36265da",
        "object_repr": "Bharatpur, Nepal",
        "action_flag": 2,
        "change_message": "[{\"changed\": {\"fields\": [\"Image\"]}}]"
    }
},
{
    "model": "admin.logentry",
    "pk": 114,
    "fields": {
        "action_time": "2025-02-18T06:28:21.041Z",
        "user": "5e02d875-97a3-4dc1-b653-e5a3afbd200e",
        "content_type": 7,
        "object_id": "0feb7f23-5375-4635-b33f-926a6dce74cf",
        "object_repr": "Gothenburg, Sweden",
        "action_flag": 2,
        "change_message": "[{\"changed\": {\"fields\": [\"Image\"]}}]"
    }
},
{
    "model": "admin.logentry",
    "pk": 115,
    "fields": {
        "action_time": "2025-02-18T06:28:42.922Z",
        "user": "5e02d875-97a3-4dc1-b653-e5a3afbd200e",
        "content_type": 7,
        "object_id": "09cb3ba1-c923-4ba7-bff7-a39ae9591ac0",
        "object_repr": "Stockholm, Sweden",
        "action_flag": 2,
        "change_message": "[{\"changed\": {\"fields\": [\"Image\"]}}]"
    }
},
{
    "model": "admin.logentry",
    "pk": 116,
    "fields": {
        "action_time": "2025-02-18T10:23:24.144Z",
        "user": "5e02d875-97a3-4dc1-b653-e5a3afbd200e",
        "content_type": 24,
        "object_id": "39b349b9-a4c6-405a-93e8-08ad74742fd1",
        "object_repr": "RoomImages object (39b349b9-a4c6-405a-93e8-08ad74742fd1)",
        "action_flag": 1,
        "change_message": "[{\"added\": {}}]"
    }
},
{
    "model": "admin.logentry",
    "pk": 117,
    "fields": {
        "action_time": "2025-02-18T10:23:43.708Z",
        "user": "5e02d875-97a3-4dc1-b653-e5a3afbd200e",
        "content_type": 24,
        "object_id": "c33d8d6d-58a5-4a3a-950c-c5cd66b51886",
        "object_repr": "RoomImages object (c33d8d6d-58a5-4a3a-950c-c5cd66b51886)",
        "action_flag": 1,
        "change_message": "[{\"added\": {}}]"
    }
},
{
    "model": "admin.logentry",
    "pk": 118,
    "fields": {
        "action_time": "2025-02-18T10:40:48.146Z",
        "user": "5e02d875-97a3-4dc1-b653-e5a3afbd200e",
        "content_type": 18,
        "object_id": "e3960ef5-ef08-4661-9767-2a0e3859c4be",
        "object_repr": "Mila Hotel",
        "action_flag": 1,
        "change_message": "[{\"added\": {}}]"
    }
},
{
    "model": "admin.logentry",
    "pk": 119,
    "fields": {
        "action_time": "2025-02-21T10:18:59.692Z",
        "user": "5e02d875-97a3-4dc1-b653-e5a3afbd200e",
        "content_type": 18,
        "object_id": "e3960ef5-ef08-4661-9767-2a0e3859c4be",
        "object_repr": "Hotel Misha",
        "action_flag": 2,
        "change_message": "[{\"changed\": {\"fields\": [\"Property name\", \"Is single unit\", \"Description\", \"Star rating property\", \"City\", \"User\"]}}, {\"added\": {\"name\": \"breakfast info\", \"object\": \"Breakfast Info (Serve: True, Included: True)\"}}, {\"added\": {\"name\": \"property amenities\", \"object\": \"Free Wi-Fi at Hotel Misha\"}}, {\"added\": {\"name\": \"property amenities\", \"object\": \"24/7 Security at Hotel Misha\"}}, {\"added\": {\"name\": \"property amenities\", \"object\": \"Parking at Hotel Misha\"}}, {\"added\": {\"name\": \"property amenities\", \"object\": \"24/7 Security at Hotel Misha\"}}, {\"added\": {\"name\": \"property amenities\", \"object\": \"Heating at Hotel Misha\"}}, {\"added\": {\"name\": \"property amenities\", \"object\": \"Room Service at Hotel Misha\"}}, {\"added\": {\"name\": \"property amenities\", \"object\": \"Flat-screen TV at Hotel Misha\"}}, {\"added\": {\"name\": \"property amenities\", \"object\": \"Balcony/Terrace at Hotel Misha\"}}, {\"added\": {\"name\": \"policy\", \"object\": \"Policy (Check-in: 10:26:00, Check-out: 06:25:00)\"}}, {\"added\": {\"name\": \"cancellation policy\", \"object\": \"Cancellation Policy for Hotel Misha\"}}]"
    }
},
{
    "model": "admin.logentry",
    "pk": 120,
    "fields": {
        "action_time": "2025-02-23T04:36:38.837Z",
        "user": "5e02d875-97a3-4dc1-b653-e5a3afbd200e",
        "content_type": 18,
        "object_id": "61083490-70bc-49e4-8586-25ae230e2f61",
        "object_repr": "Hotel Matina Suites",
        "action_flag": 1,
        "change_message": "[{\"added\": {}}]"
    }
},
{
    "model": "admin.logentry",
    "pk": 121,
    "fields": {
        "action_time": "2025-02-23T04:45:06.016Z",
        "user": "5e02d875-97a3-4dc1-b653-e5a3afbd200e",
        "content_type": 18,
        "object_id": "d67e4c88-dea8-448d-b662-c9ec41c69edd",
        "object_repr": "Majestic Lake Front Hotel & Suites",
        "action_flag": 1,
        "change_message": "[{\"added\": {}}, {\"added\": {\"name\": \"breakfast info\", \"object\": \"Breakfast Info (Serve: True, Included: True)\"}}, {\"added\": {\"name\": \"parking info\", \"object\": \"Parking: Free\"}}, {\"added\": {\"name\": \"property amenities\", \"object\": \"Free Wi-Fi at Majestic Lake Front Hotel & Suites\"}}, {\"added\": {\"name\": \"property amenities\", \"object\": \"Spa Services at Majestic Lake Front Hotel & Suites\"}}, {\"added\": {\"name\": \"property amenities\", \"object\": \"Family Rooms at Majestic Lake Front Hotel & Suites\"}}, {\"added\": {\"name\": \"property amenities\", \"object\": \"Parking at Majestic Lake Front Hotel & Suites\"}}, {\"added\": {\"name\": \"property amenities\", \"object\": \"Smoking Area at Majestic Lake Front Hotel & Suites\"}}, {\"added\": {\"name\": \"property amenities\", \"object\": \"Room Service at Majestic Lake Front Hotel & Suites\"}}, {\"added\": {\"name\": \"property amenities\", \"object\": \"Coffee/Tea Maker at Majestic Lake Front Hotel & Suites\"}}, {\"added\": {\"name\": \"policy\", \"object\": \"Policy (Check-in: 04:44:59, Check-out: 04:45:00)\"}}, {\"added\": {\"name\": \"cancellation policy\", \"object\": \"Cancellation Policy for Majestic Lake Front Hotel & Suites\"}}]"
    }
},
{
    "model": "admin.logentry",
    "pk": 122,
    "fields": {
        "action_time": "2025-02-23T04:56:05.897Z",
        "user": "5e02d875-97a3-4dc1-b653-e5a3afbd200e",
        "content_type": 18,
        "object_id": "d67e4c88-dea8-448d-b662-c9ec41c69edd",
        "object_repr": "Majestic Lake Front Hotel & Suites",
        "action_flag": 2,
        "change_message": "[{\"changed\": {\"name\": \"policy\", \"object\": \"Policy for Majestic Lake Front Hotel & Suites\", \"fields\": [\"Checkin time to\", \"Checkout time from\"]}}]"
    }
},
{
    "model": "admin.logentry",
    "pk": 123,
    "fields": {
        "action_time": "2025-02-23T05:05:41.573Z",
        "user": "5e02d875-97a3-4dc1-b653-e5a3afbd200e",
        "content_type": 21,
        "object_id": "40fa23d6-7dd9-4543-84dc-872eebc60507",
        "object_repr": "Crib",
        "action_flag": 1,
        "change_message": "[{\"added\": {}}]"
    }
},
{
    "model": "admin.logentry",
    "pk": 124,
    "fields": {
        "action_time": "2025-02-23T05:05:51.997Z",
        "user": "5e02d875-97a3-4dc1-b653-e5a3afbd200e",
        "content_type": 21,
        "object_id": "d130e83a-8218-409d-a935-4ba6da21ffb8",
        "object_repr": "Twin Beds",
        "action_flag": 1,
        "change_message": "[{\"added\": {}}]"
    }
},
{
    "model": "admin.logentry",
    "pk": 125,
    "fields": {
        "action_time": "2025-02-23T05:06:03.201Z",
        "user": "5e02d875-97a3-4dc1-b653-e5a3afbd200e",
        "content_type": 21,
        "object_id": "1aa9366f-b101-483c-8eab-df69c945bebe",
        "object_repr": "Triple Beds",
        "action_flag": 1,
        "change_message": "[{\"added\": {}}]"
    }
},
{
    "model": "admin.logentry",
    "pk": 126,
    "fields": {
        "action_time": "2025-02-23T05:06:13.977Z",
        "user": "5e02d875-97a3-4dc1-b653-e5a3afbd200e",
        "content_type": 21,
        "object_id": "e4a3c521-1882-4232-90b1-8bbd3528b434",
        "object_repr": "Quad Beds",
        "action_flag": 1,
        "change_message": "[{\"added\": {}}]"
    }
},
{
    "model": "admin.logentry",
    "pk": 127,
    "fields": {
        "action_time": "2025-02-23T05:06:25.841Z",
        "user": "5e02d875-97a3-4dc1-b653-e5a3afbd200e",
        "content_type": 21,
        "object_id": "ec8f4f20-ddf4-44f3-9dff-0f2ae64ffc85",
        "object_repr": "Octuple Beds",
        "action_flag": 1,
        "change_message": "[{\"added\": {}}]"
    }
},
{
    "model": "admin.logentry",
    "pk": 128,
    "fields": {
        "action_time": "2025-02-23T05:06:35.665Z",
        "user": "5e02d875-97a3-4dc1-b653-e5a3afbd200e",
        "content_type": 21,
        "object_id": "b6e248d7-9d02-4cbc-b555-351f1b638bf8",
        "object_repr": "Full Beds",
        "action_flag": 1,
        "change_message": "[{\"added\": {}}]"
    }
},
{
    "model": "admin.logentry",
    "pk": 129,
    "fields": {
        "action_time": "2025-02-23T05:10:17.956Z",
        "user": "5e02d875-97a3-4dc1-b653-e5a3afbd200e",
        "content_type": 23,
        "object_id": "ae10a0c9-d543-4346-8990-e93d3e13014d",
        "object_repr": "Double Room (3 available)",
        "action_flag": 1,
        "change_message": "[{\"added\": {}}, {\"added\": {\"name\": \"room bed\", \"object\": \"1 x Full Beds in Double Room (3 available)for Majestic Lake Front Hotel & Suites\"}}, {\"added\": {\"name\": \"price\", \"object\": \"Price for Double Room (3 available) - 7650 Rupees\"}}]"
    }
},
{
    "model": "admin.logentry",
    "pk": 130,
    "fields": {
        "action_time": "2025-02-23T05:14:41.612Z",
        "user": "5e02d875-97a3-4dc1-b653-e5a3afbd200e",
        "content_type": 23,
        "object_id": "d9e4b3d4-2067-41f8-b655-d215c78ce1db",
        "object_repr": "Twin Room (1 available)",
        "action_flag": 1,
        "change_message": "[{\"added\": {}}, {\"added\": {\"name\": \"room amenities\", \"object\": \"Room Amenities (Wi-Fi: True, TV: True)\"}}, {\"added\": {\"name\": \"room bed\", \"object\": \"2 x Twin Beds in Twin Room (1 available)for Majestic Lake Front Hotel & Suites\"}}, {\"added\": {\"name\": \"price\", \"object\": \"Price for Twin Room (1 available) - 9956 Rupees\"}}, {\"added\": {\"name\": \"room images\", \"object\": \"RoomImages object (bb556e78-3708-40e8-afd3-4ab8427bb5bc)\"}}]"
    }
},
{
    "model": "admin.logentry",
    "pk": 131,
    "fields": {
        "action_time": "2025-02-23T05:15:03.074Z",
        "user": "5e02d875-97a3-4dc1-b653-e5a3afbd200e",
        "content_type": 23,
        "object_id": "ae10a0c9-d543-4346-8990-e93d3e13014d",
        "object_repr": "Double Room (1 available)",
        "action_flag": 2,
        "change_message": "[{\"changed\": {\"fields\": [\"No of available rooms\"]}}]"
    }
},
{
    "model": "admin.logentry",
    "pk": 132,
    "fields": {
        "action_time": "2025-02-23T05:15:48.363Z",
        "user": "5e02d875-97a3-4dc1-b653-e5a3afbd200e",
        "content_type": 23,
        "object_id": "d9e4b3d4-2067-41f8-b655-d215c78ce1db",
        "object_repr": "Twin Room (1 available)",
        "action_flag": 2,
        "change_message": "[{\"changed\": {\"fields\": [\"Room size\"]}}]"
    }
},
{
    "model": "admin.logentry",
    "pk": 133,
    "fields": {
        "action_time": "2025-02-23T05:20:58.548Z",
        "user": "5e02d875-97a3-4dc1-b653-e5a3afbd200e",
        "content_type": 23,
        "object_id": "5aa3615d-8502-4a71-bc82-62a75ea34357",
        "object_repr": "Suite (1 available)",
        "action_flag": 1,
        "change_message": "[{\"added\": {}}, {\"added\": {\"name\": \"room amenities\", \"object\": \"Room Amenities (Wi-Fi: True, TV: True)\"}}, {\"added\": {\"name\": \"room bed\", \"object\": \"1 x Queen Bed in Suite (1 available)for Majestic Lake Front Hotel & Suites\"}}, {\"added\": {\"name\": \"price\", \"object\": \"Price for Suite (1 available) - 13367 Rupees\"}}, {\"added\": {\"name\": \"room images\", \"object\": \"RoomImages object (da55ed1c-ffa7-43f2-8263-526579714a6a)\"}}]"
    }
},
{
    "model": "admin.logentry",
    "pk": 134,
    "fields": {
        "action_time": "2025-02-23T05:23:49.009Z",
        "user": "5e02d875-97a3-4dc1-b653-e5a3afbd200e",
        "content_type": 23,
        "object_id": "912b26a7-e7c7-480d-8922-f4caf767650b",
        "object_repr": "Family Room (1 available)",
        "action_flag": 1,
        "change_message": "[{\"added\": {}}, {\"added\": {\"name\": \"room amenities\", \"object\": \"Room Amenities (Wi-Fi: True, TV: False)\"}}, {\"added\": {\"name\": \"room bed\", \"object\": \"1 x Queen Bed in Family Room (1 available)for Majestic Lake Front Hotel & Suites\"}}, {\"added\": {\"name\": \"room bed\", \"object\": \"1 x Twin Beds in Family Room (1 available)for Majestic Lake Front Hotel & Suites\"}}, {\"added\": {\"name\": \"price\", \"object\": \"Price for Family Room (1 available) - 10588 None\"}}, {\"added\": {\"name\": \"room images\", \"object\": \"RoomImages object (aaf4ae11-1e53-4ee4-b0e9-e14ea3d40176)\"}}]"
    }
},
{
    "model": "admin.logentry",
    "pk": 135,
    "fields": {
        "action_time": "2025-02-23T05:24:08.468Z",
        "user": "5e02d875-97a3-4dc1-b653-e5a3afbd200e",
        "content_type": 18,
        "object_id": "61083490-70bc-49e4-8586-25ae230e2f61",
        "object_repr": "Hotel Matina Suites",
        "action_flag": 2,
        "change_message": "[{\"added\": {\"name\": \"breakfast info\", \"object\": \"Breakfast Info (Serve: True, Included: True)\"}}, {\"added\": {\"name\": \"property image\", \"object\": \"Hotel Matina Suites\"}}, {\"added\": {\"name\": \"property image\", \"object\": \"Hotel Matina Suites\"}}, {\"added\": {\"name\": \"property image\", \"object\": \"Hotel Matina Suites\"}}, {\"added\": {\"name\": \"property image\", \"object\": \"Hotel Matina Suites\"}}, {\"added\": {\"name\": \"property image\", \"object\": \"Hotel Matina Suites\"}}, {\"added\": {\"name\": \"property image\", \"object\": \"Hotel Matina Suites\"}}]"
    }
},
{
    "model": "admin.logentry",
    "pk": 136,
    "fields": {
        "action_time": "2025-02-23T05:36:55.235Z",
        "user": "5e02d875-97a3-4dc1-b653-e5a3afbd200e",
        "content_type": 18,
        "object_id": "d67e4c88-dea8-448d-b662-c9ec41c69edd",
        "object_repr": "Majestic Lake Front Hotel & Suites",
        "action_flag": 2,
        "change_message": "[{\"changed\": {\"fields\": [\"Star rating property\"]}}, {\"added\": {\"name\": \"property image\", \"object\": \"Majestic Lake Front Hotel & Suites\"}}, {\"added\": {\"name\": \"property image\", \"object\": \"Majestic Lake Front Hotel & Suites\"}}, {\"added\": {\"name\": \"property image\", \"object\": \"Majestic Lake Front Hotel & Suites\"}}, {\"added\": {\"name\": \"property image\", \"object\": \"Majestic Lake Front Hotel & Suites\"}}, {\"added\": {\"name\": \"property image\", \"object\": \"Majestic Lake Front Hotel & Suites\"}}]"
    }
},
{
    "model": "admin.logentry",
    "pk": 137,
    "fields": {
        "action_time": "2025-02-23T05:39:14.046Z",
        "user": "5e02d875-97a3-4dc1-b653-e5a3afbd200e",
        "content_type": 9,
        "object_id": "7e64009e-b564-49e0-b252-9aec7e4d2898",
        "object_repr": "Question: What Kind of Breakfast is served here?",
        "action_flag": 1,
        "change_message": "[{\"added\": {}}]"
    }
},
{
    "model": "admin.logentry",
    "pk": 138,
    "fields": {
        "action_time": "2025-02-23T05:39:56.582Z",
        "user": "5e02d875-97a3-4dc1-b653-e5a3afbd200e",
        "content_type": 9,
        "object_id": "6d73019f-d20e-4c14-99bc-9a1031bb4755",
        "object_repr": "Reply to: What Kind of Breakfast is served here?",
        "action_flag": 1,
        "change_message": "[{\"added\": {}}]"
    }
},
{
    "model": "admin.logentry",
    "pk": 139,
    "fields": {
        "action_time": "2025-02-23T05:40:50.841Z",
        "user": "5e02d875-97a3-4dc1-b653-e5a3afbd200e",
        "content_type": 9,
        "object_id": "1c36a716-4798-4241-8471-f528ac6b6347",
        "object_repr": "Question: What kind of rooms can I book in Majestic Lake Fro",
        "action_flag": 1,
        "change_message": "[{\"added\": {}}]"
    }
},
{
    "model": "admin.logentry",
    "pk": 140,
    "fields": {
        "action_time": "2025-02-23T05:41:27.795Z",
        "user": "5e02d875-97a3-4dc1-b653-e5a3afbd200e",
        "content_type": 9,
        "object_id": "f978cfc1-d667-4abe-9822-4562e686ffa6",
        "object_repr": "Reply to: What kind of rooms can I book in Majestic Lake Fro",
        "action_flag": 1,
        "change_message": "[{\"added\": {}}]"
    }
},
{
    "model": "admin.logentry",
    "pk": 141,
    "fields": {
        "action_time": "2025-02-23T05:49:19.884Z",
        "user": "5e02d875-97a3-4dc1-b653-e5a3afbd200e",
        "content_type": 18,
        "object_id": "61083490-70bc-49e4-8586-25ae230e2f61",
        "object_repr": "Hotel Matina Suites",
        "action_flag": 2,
        "change_message": "[{\"changed\": {\"name\": \"breakfast info\", \"object\": \"Breakfast Info (Serve: True, Included: True)\", \"fields\": [\"Breakfast type\"]}}, {\"added\": {\"name\": \"parking info\", \"object\": \"Parking: Free\"}}]"
    }
},
{
    "model": "admin.logentry",
    "pk": 142,
    "fields": {
        "action_time": "2025-02-23T05:57:30.534Z",
        "user": "5e02d875-97a3-4dc1-b653-e5a3afbd200e",
        "content_type": 18,
        "object_id": "61083490-70bc-49e4-8586-25ae230e2f61",
        "object_repr": "Hotel Matina Suites",
        "action_flag": 2,
        "change_message": "[{\"added\": {\"name\": \"property amenities\", \"object\": \"Free Wi-Fi at Hotel Matina Suites\"}}, {\"added\": {\"name\": \"policy\", \"object\": \"Policy for Hotel Matina Suites\"}}]"
    }
},
{
    "model": "admin.logentry",
    "pk": 143,
    "fields": {
        "action_time": "2025-02-23T06:33:22.464Z",
        "user": "5e02d875-97a3-4dc1-b653-e5a3afbd200e",
        "content_type": 18,
        "object_id": "61083490-70bc-49e4-8586-25ae230e2f61",
        "object_repr": "Hotel Matina Suites",
        "action_flag": 2,
        "change_message": "[{\"added\": {\"name\": \"property image\", \"object\": \"Hotel Matina Suites\"}}, {\"added\": {\"name\": \"property image\", \"object\": \"Hotel Matina Suites\"}}, {\"added\": {\"name\": \"property image\", \"object\": \"Hotel Matina Suites\"}}, {\"added\": {\"name\": \"property image\", \"object\": \"Hotel Matina Suites\"}}]"
    }
},
{
    "model": "admin.logentry",
    "pk": 144,
    "fields": {
        "action_time": "2025-02-24T04:34:10.076Z",
        "user": "5e02d875-97a3-4dc1-b653-e5a3afbd200e",
        "content_type": 23,
        "object_id": "ae10a0c9-d543-4346-8990-e93d3e13014d",
        "object_repr": "Double Room (1 available)",
        "action_flag": 2,
        "change_message": "[{\"added\": {\"name\": \"room amenities\", \"object\": \"Room Amenities (Wi-Fi: True, TV: True)\"}}]"
    }
},
{
    "model": "admin.logentry",
    "pk": 145,
    "fields": {
        "action_time": "2025-02-24T04:36:17.233Z",
        "user": "5e02d875-97a3-4dc1-b653-e5a3afbd200e",
        "content_type": 23,
        "object_id": "ae10a0c9-d543-4346-8990-e93d3e13014d",
        "object_repr": "Double Room (1 available)",
        "action_flag": 2,
        "change_message": "[]"
    }
},
{
    "model": "admin.logentry",
    "pk": 146,
    "fields": {
        "action_time": "2025-02-24T04:52:35.914Z",
        "user": "5e02d875-97a3-4dc1-b653-e5a3afbd200e",
        "content_type": 23,
        "object_id": "d9e4b3d4-2067-41f8-b655-d215c78ce1db",
        "object_repr": "Twin Room (1 available)",
        "action_flag": 2,
        "change_message": "[{\"deleted\": {\"name\": \"room amenities\", \"object\": \"Room Amenities (Wi-Fi: False, TV: False)\"}}]"
    }
},
{
    "model": "admin.logentry",
    "pk": 147,
    "fields": {
        "action_time": "2025-02-24T05:14:23.390Z",
        "user": "5e02d875-97a3-4dc1-b653-e5a3afbd200e",
        "content_type": 23,
        "object_id": "bc36c58d-7b99-415d-ae7c-c79a95db0a97",
        "object_repr": "Twin Room (1 available)",
        "action_flag": 1,
        "change_message": "[{\"added\": {}}, {\"added\": {\"name\": \"room amenities\", \"object\": \"Room Amenities (Wi-Fi: True, TV: True)\"}}, {\"added\": {\"name\": \"room bed\", \"object\": \"1 x King Bed in Twin Room (1 available)for Majestic Lake Front Hotel & Suites\"}}, {\"added\": {\"name\": \"price\", \"object\": \"Price for Twin Room (1 available) - 25000 Rupees\"}}, {\"added\": {\"name\": \"room images\", \"object\": \"RoomImages object (05e077db-3967-4087-9ba7-136893cfdd45)\"}}]"
    }
},
{
    "model": "admin.logentry",
    "pk": 148,
    "fields": {
        "action_time": "2025-02-24T05:15:19.838Z",
        "user": "5e02d875-97a3-4dc1-b653-e5a3afbd200e",
        "content_type": 23,
        "object_id": "bc36c58d-7b99-415d-ae7c-c79a95db0a97",
        "object_repr": "Twin Room (100 available)",
        "action_flag": 2,
        "change_message": "[{\"changed\": {\"fields\": [\"No of available rooms\"]}}]"
    }
},
{
    "model": "admin.logentry",
    "pk": 149,
    "fields": {
        "action_time": "2025-02-24T06:53:38.145Z",
        "user": "5e02d875-97a3-4dc1-b653-e5a3afbd200e",
        "content_type": 23,
        "object_id": "5ace9eee-aaf6-49f7-8fa0-dfc32a63829b",
        "object_repr": "Penthouse (3 available)",
        "action_flag": 1,
        "change_message": "[{\"added\": {}}, {\"added\": {\"name\": \"room amenities\", \"object\": \"Room Amenities (Wi-Fi: True, TV: True)\"}}, {\"added\": {\"name\": \"room bed\", \"object\": \"2 x Single Bed in Penthouse (3 available)for Hotel Sujit\"}}, {\"added\": {\"name\": \"price\", \"object\": \"Price for Penthouse (3 available) - 24 Rupees\"}}]"
    }
},
{
    "model": "admin.logentry",
    "pk": 150,
    "fields": {
        "action_time": "2025-02-24T07:25:21.245Z",
        "user": "5e02d875-97a3-4dc1-b653-e5a3afbd200e",
        "content_type": 22,
        "object_id": "ab786cab-00be-4538-b44d-15fc8bd4bca5",
        "object_repr": "Room Amenities (Wi-Fi: True, TV: True)",
        "action_flag": 2,
        "change_message": "[{\"changed\": {\"fields\": [\"Air conditioning\", \"Free wifi\", \"Television\", \"Minibar\", \"Wardrobe\"]}}]"
    }
},
{
    "model": "admin.logentry",
    "pk": 151,
    "fields": {
        "action_time": "2025-02-24T07:29:27.183Z",
        "user": "5e02d875-97a3-4dc1-b653-e5a3afbd200e",
        "content_type": 23,
        "object_id": "5aa3615d-8502-4a71-bc82-62a75ea34357",
        "object_repr": "Suite (1 available)",
        "action_flag": 2,
        "change_message": "[]"
    }
},
{
    "model": "admin.logentry",
    "pk": 152,
    "fields": {
        "action_time": "2025-02-24T07:30:41.026Z",
        "user": "5e02d875-97a3-4dc1-b653-e5a3afbd200e",
        "content_type": 22,
        "object_id": "b57af061-e3fb-4f11-b5a9-cf1b848f0b45",
        "object_repr": "Room Amenities (Wi-Fi: True, TV: True)",
        "action_flag": 2,
        "change_message": "[{\"changed\": {\"fields\": [\"Air conditioning\", \"Free wifi\", \"Television\", \"Minibar\", \"Wardrobe\"]}}]"
    }
},
{
    "model": "admin.logentry",
    "pk": 153,
    "fields": {
        "action_time": "2025-02-24T07:31:11.579Z",
        "user": "5e02d875-97a3-4dc1-b653-e5a3afbd200e",
        "content_type": 23,
        "object_id": "bc36c58d-7b99-415d-ae7c-c79a95db0a97",
        "object_repr": "Twin Room (100 available)",
        "action_flag": 2,
        "change_message": "[]"
    }
},
{
    "model": "admin.logentry",
    "pk": 154,
    "fields": {
        "action_time": "2025-02-24T07:37:09.230Z",
        "user": "5e02d875-97a3-4dc1-b653-e5a3afbd200e",
        "content_type": 23,
        "object_id": "de144fc2-4110-4f01-8e42-48f5d611e300",
        "object_repr": "Dormitory (200 available)",
        "action_flag": 1,
        "change_message": "[{\"added\": {}}, {\"added\": {\"name\": \"room amenities\", \"object\": \"Room Amenities (Wi-Fi: True, TV: False)\"}}]"
    }
},
{
    "model": "admin.logentry",
    "pk": 155,
    "fields": {
        "action_time": "2025-02-24T07:37:53.359Z",
        "user": "5e02d875-97a3-4dc1-b653-e5a3afbd200e",
        "content_type": 22,
        "object_id": "ed537f09-f176-482a-b3ea-67f51b37d12c",
        "object_repr": "Room Amenities (Wi-Fi: True, TV: False)",
        "action_flag": 2,
        "change_message": "[]"
    }
},
{
    "model": "admin.logentry",
    "pk": 156,
    "fields": {
        "action_time": "2025-02-24T07:38:50.056Z",
        "user": "5e02d875-97a3-4dc1-b653-e5a3afbd200e",
        "content_type": 23,
        "object_id": "de144fc2-4110-4f01-8e42-48f5d611e300",
        "object_repr": "Dormitory (200 available)",
        "action_flag": 2,
        "change_message": "[{\"added\": {\"name\": \"room bed\", \"object\": \"2 x Single Bed in Dormitory (200 available)for Majestic Lake Front Hotel & Suites\"}}]"
    }
},
{
    "model": "admin.logentry",
    "pk": 157,
    "fields": {
        "action_time": "2025-02-24T07:39:25.869Z",
        "user": "5e02d875-97a3-4dc1-b653-e5a3afbd200e",
        "content_type": 22,
        "object_id": "b57af061-e3fb-4f11-b5a9-cf1b848f0b45",
        "object_repr": "Room Amenities (Wi-Fi: True, TV: True)",
        "action_flag": 3,
        "change_message": ""
    }
},
{
    "model": "admin.logentry",
    "pk": 158,
    "fields": {
        "action_time": "2025-02-24T07:40:51.732Z",
        "user": "5e02d875-97a3-4dc1-b653-e5a3afbd200e",
        "content_type": 23,
        "object_id": "de144fc2-4110-4f01-8e42-48f5d611e300",
        "object_repr": "Dormitory (200 available)",
        "action_flag": 2,
        "change_message": "[]"
    }
},
{
    "model": "admin.logentry",
    "pk": 159,
    "fields": {
        "action_time": "2025-02-24T07:41:08.154Z",
        "user": "5e02d875-97a3-4dc1-b653-e5a3afbd200e",
        "content_type": 22,
        "object_id": "ed537f09-f176-482a-b3ea-67f51b37d12c",
        "object_repr": "Room Amenities (Wi-Fi: True, TV: False)",
        "action_flag": 2,
        "change_message": "[]"
    }
},
{
    "model": "admin.logentry",
    "pk": 160,
    "fields": {
        "action_time": "2025-02-24T07:44:58.791Z",
        "user": "5e02d875-97a3-4dc1-b653-e5a3afbd200e",
        "content_type": 22,
        "object_id": "ab786cab-00be-4538-b44d-15fc8bd4bca5",
        "object_repr": "Room Amenities (Wi-Fi: True, TV: True)",
        "action_flag": 2,
        "change_message": "[{\"changed\": {\"fields\": [\"Desk\"]}}]"
    }
},
{
    "model": "admin.logentry",
    "pk": 161,
    "fields": {
        "action_time": "2025-02-24T07:47:58.590Z",
        "user": "5e02d875-97a3-4dc1-b653-e5a3afbd200e",
        "content_type": 23,
        "object_id": "bc36c58d-7b99-415d-ae7c-c79a95db0a97",
        "object_repr": "Twin Room (100 available)",
        "action_flag": 2,
        "change_message": "[{\"changed\": {\"name\": \"room amenities\", \"object\": \"Room Amenities (Wi-Fi: True, TV: True)\", \"fields\": [\"Minibar\", \"Wardrobe\", \"Desk\", \"Telephone\", \"Safe\"]}}]"
    }
},
{
    "model": "admin.logentry",
    "pk": 162,
    "fields": {
        "action_time": "2025-02-24T07:48:20.598Z",
        "user": "5e02d875-97a3-4dc1-b653-e5a3afbd200e",
        "content_type": 22,
        "object_id": "d5a882da-9e1d-4f46-9e23-170f0ff9a08e",
        "object_repr": "Room Amenities (Wi-Fi: True, TV: True)",
        "action_flag": 2,
        "change_message": "[]"
    }
},
{
    "model": "admin.logentry",
    "pk": 163,
    "fields": {
        "action_time": "2025-02-24T08:00:20.236Z",
        "user": "5e02d875-97a3-4dc1-b653-e5a3afbd200e",
        "content_type": 22,
        "object_id": "05931c31-db82-4f98-993d-f5d4f82bcc5c",
        "object_repr": "Room Amenities (Wi-Fi: True, TV: True)",
        "action_flag": 3,
        "change_message": ""
    }
},
{
    "model": "admin.logentry",
    "pk": 164,
    "fields": {
        "action_time": "2025-02-24T08:01:03.832Z",
        "user": "5e02d875-97a3-4dc1-b653-e5a3afbd200e",
        "content_type": 22,
        "object_id": "135db86a-2ab8-4cf8-a264-8c43739b1273",
        "object_repr": "Room Amenities (Wi-Fi: False, TV: False)",
        "action_flag": 3,
        "change_message": ""
    }
},
{
    "model": "admin.logentry",
    "pk": 165,
    "fields": {
        "action_time": "2025-02-24T08:01:35.867Z",
        "user": "5e02d875-97a3-4dc1-b653-e5a3afbd200e",
        "content_type": 23,
        "object_id": "de144fc2-4110-4f01-8e42-48f5d611e300",
        "object_repr": "Dormitory (200 available)",
        "action_flag": 3,
        "change_message": ""
    }
},
{
    "model": "admin.logentry",
    "pk": 166,
    "fields": {
        "action_time": "2025-02-24T08:01:35.867Z",
        "user": "5e02d875-97a3-4dc1-b653-e5a3afbd200e",
        "content_type": 23,
        "object_id": "bc36c58d-7b99-415d-ae7c-c79a95db0a97",
        "object_repr": "Twin Room (100 available)",
        "action_flag": 3,
        "change_message": ""
    }
},
{
    "model": "admin.logentry",
    "pk": 167,
    "fields": {
        "action_time": "2025-02-24T08:01:35.867Z",
        "user": "5e02d875-97a3-4dc1-b653-e5a3afbd200e",
        "content_type": 23,
        "object_id": "ae10a0c9-d543-4346-8990-e93d3e13014d",
        "object_repr": "Double Room (1 available)",
        "action_flag": 3,
        "change_message": ""
    }
},
{
    "model": "admin.logentry",
    "pk": 168,
    "fields": {
        "action_time": "2025-02-24T08:01:35.867Z",
        "user": "5e02d875-97a3-4dc1-b653-e5a3afbd200e",
        "content_type": 23,
        "object_id": "5aa3615d-8502-4a71-bc82-62a75ea34357",
        "object_repr": "Suite (1 available)",
        "action_flag": 3,
        "change_message": ""
    }
},
{
    "model": "admin.logentry",
    "pk": 169,
    "fields": {
        "action_time": "2025-02-24T08:02:07.657Z",
        "user": "5e02d875-97a3-4dc1-b653-e5a3afbd200e",
        "content_type": 22,
        "object_id": "cdaf3ccb-53f5-47f5-adae-301774197d28",
        "object_repr": "Room Amenities (Wi-Fi: False, TV: False)",
        "action_flag": 3,
        "change_message": ""
    }
},
{
    "model": "admin.logentry",
    "pk": 170,
    "fields": {
        "action_time": "2025-02-24T08:02:07.657Z",
        "user": "5e02d875-97a3-4dc1-b653-e5a3afbd200e",
        "content_type": 22,
        "object_id": "992ade37-99d8-4a56-b2ff-0e2c4dc89b6a",
        "object_repr": "Room Amenities (Wi-Fi: True, TV: True)",
        "action_flag": 3,
        "change_message": ""
    }
},
{
    "model": "admin.logentry",
    "pk": 171,
    "fields": {
        "action_time": "2025-02-24T08:02:07.657Z",
        "user": "5e02d875-97a3-4dc1-b653-e5a3afbd200e",
        "content_type": 22,
        "object_id": "90421fc3-fe20-438d-af75-38a8b4b8b68d",
        "object_repr": "Room Amenities (Wi-Fi: True, TV: True)",
        "action_flag": 3,
        "change_message": ""
    }
},
{
    "model": "admin.logentry",
    "pk": 172,
    "fields": {
        "action_time": "2025-02-24T08:02:07.657Z",
        "user": "5e02d875-97a3-4dc1-b653-e5a3afbd200e",
        "content_type": 22,
        "object_id": "5f89cee3-4886-4034-ab78-8002f707a756",
        "object_repr": "Room Amenities (Wi-Fi: True, TV: False)",
        "action_flag": 3,
        "change_message": ""
    }
},
{
    "model": "admin.logentry",
    "pk": 173,
    "fields": {
        "action_time": "2025-02-24T08:02:07.657Z",
        "user": "5e02d875-97a3-4dc1-b653-e5a3afbd200e",
        "content_type": 22,
        "object_id": "069f9c2a-dc6f-4c0d-994c-89c5b75fcc8c",
        "object_repr": "Room Amenities (Wi-Fi: True, TV: True)",
        "action_flag": 3,
        "change_message": ""
    }
},
{
    "model": "admin.logentry",
    "pk": 174,
    "fields": {
        "action_time": "2025-02-24T08:02:34.923Z",
        "user": "5e02d875-97a3-4dc1-b653-e5a3afbd200e",
        "content_type": 23,
        "object_id": "5ace9eee-aaf6-49f7-8fa0-dfc32a63829b",
        "object_repr": "Penthouse (3 available)",
        "action_flag": 3,
        "change_message": ""
    }
},
{
    "model": "admin.logentry",
    "pk": 175,
    "fields": {
        "action_time": "2025-02-24T08:03:11.146Z",
        "user": "5e02d875-97a3-4dc1-b653-e5a3afbd200e",
        "content_type": 23,
        "object_id": "4c87d3ff-5690-4442-b547-c27454cd4581",
        "object_repr": "Single Room (1 available)",
        "action_flag": 1,
        "change_message": "[{\"added\": {}}, {\"added\": {\"name\": \"room amenities\", \"object\": \"Room Amenities (Wi-Fi: True, TV: False)\"}}]"
    }
},
{
    "model": "admin.logentry",
    "pk": 176,
    "fields": {
        "action_time": "2025-02-24T08:50:32.865Z",
        "user": "5e02d875-97a3-4dc1-b653-e5a3afbd200e",
        "content_type": 23,
        "object_id": "4c87d3ff-5690-4442-b547-c27454cd4581",
        "object_repr": "Single Room (1 available)",
        "action_flag": 2,
        "change_message": "[]"
    }
},
{
    "model": "admin.logentry",
    "pk": 177,
    "fields": {
        "action_time": "2025-02-24T08:50:58.939Z",
        "user": "5e02d875-97a3-4dc1-b653-e5a3afbd200e",
        "content_type": 22,
        "object_id": "4522d9b4-26a1-45ef-b200-75a95d4be343",
        "object_repr": "Room Amenities (Wi-Fi: True, TV: False)",
        "action_flag": 2,
        "change_message": "[]"
    }
},
{
    "model": "admin.logentry",
    "pk": 178,
    "fields": {
        "action_time": "2025-02-24T08:51:36.237Z",
        "user": "5e02d875-97a3-4dc1-b653-e5a3afbd200e",
        "content_type": 22,
        "object_id": "4522d9b4-26a1-45ef-b200-75a95d4be343",
        "object_repr": "Room Amenities (Wi-Fi: True, TV: False)",
        "action_flag": 3,
        "change_message": ""
    }
},
{
    "model": "admin.logentry",
    "pk": 179,
    "fields": {
        "action_time": "2025-02-24T08:52:19.296Z",
        "user": "5e02d875-97a3-4dc1-b653-e5a3afbd200e",
        "content_type": 22,
        "object_id": "c6683bf7-3ffe-4761-a0ce-d94e92b91007",
        "object_repr": "Room Amenities (Wi-Fi: True, TV: True)",
        "action_flag": 1,
        "change_message": "[{\"added\": {}}]"
    }
},
{
    "model": "admin.logentry",
    "pk": 180,
    "fields": {
        "action_time": "2025-02-24T08:52:59.751Z",
        "user": "5e02d875-97a3-4dc1-b653-e5a3afbd200e",
        "content_type": 22,
        "object_id": "c6683bf7-3ffe-4761-a0ce-d94e92b91007",
        "object_repr": "Room Amenities (Wi-Fi: True, TV: True)",
        "action_flag": 2,
        "change_message": "[]"
    }
},
{
    "model": "admin.logentry",
    "pk": 181,
    "fields": {
        "action_time": "2025-02-24T09:02:03.568Z",
        "user": "5e02d875-97a3-4dc1-b653-e5a3afbd200e",
        "content_type": 22,
        "object_id": "75adc4ce-1225-4f31-9d20-3a92dc6c9804",
        "object_repr": "Room Amenities (Wi-Fi: True, TV: True)",
        "action_flag": 1,
        "change_message": "[{\"added\": {}}]"
    }
},
{
    "model": "admin.logentry",
    "pk": 182,
    "fields": {
        "action_time": "2025-02-24T09:03:05.909Z",
        "user": "5e02d875-97a3-4dc1-b653-e5a3afbd200e",
        "content_type": 22,
        "object_id": "75adc4ce-1225-4f31-9d20-3a92dc6c9804",
        "object_repr": "Room Amenities (Wi-Fi: True, TV: True)",
        "action_flag": 3,
        "change_message": ""
    }
},
{
    "model": "admin.logentry",
    "pk": 183,
    "fields": {
        "action_time": "2025-02-24T09:16:54.286Z",
        "user": "5e02d875-97a3-4dc1-b653-e5a3afbd200e",
        "content_type": 23,
        "object_id": "4c87d3ff-5690-4442-b547-c27454cd4581",
        "object_repr": "Single Room (1 available)",
        "action_flag": 2,
        "change_message": "[]"
    }
},
{
    "model": "admin.logentry",
    "pk": 184,
    "fields": {
        "action_time": "2025-02-24T09:17:37.562Z",
        "user": "5e02d875-97a3-4dc1-b653-e5a3afbd200e",
        "content_type": 23,
        "object_id": "01f31cd4-6d4e-42f3-b741-555de241ba5c",
        "object_repr": "Double Room (1 available)",
        "action_flag": 1,
        "change_message": "[{\"added\": {}}, {\"added\": {\"name\": \"room amenities\", \"object\": \"Room Amenities (Wi-Fi: True, TV: True)\"}}]"
    }
},
{
    "model": "admin.logentry",
    "pk": 185,
    "fields": {
        "action_time": "2025-02-26T04:07:44.787Z",
        "user": "5e02d875-97a3-4dc1-b653-e5a3afbd200e",
        "content_type": 18,
        "object_id": "d2eb90d4-9818-4c60-a7e8-3d3f6065ed49",
        "object_repr": "Hotel Sujit",
        "action_flag": 3,
        "change_message": ""
    }
},
{
    "model": "admin.logentry",
    "pk": 186,
    "fields": {
        "action_time": "2025-02-26T04:07:44.787Z",
        "user": "5e02d875-97a3-4dc1-b653-e5a3afbd200e",
        "content_type": 18,
        "object_id": "88be0096-07a0-44db-92e1-13a70989597c",
        "object_repr": "Hotel Anju",
        "action_flag": 3,
        "change_message": ""
    }
},
{
    "model": "admin.logentry",
    "pk": 187,
    "fields": {
        "action_time": "2025-02-26T04:07:44.787Z",
        "user": "5e02d875-97a3-4dc1-b653-e5a3afbd200e",
        "content_type": 18,
        "object_id": "77e69b45-3525-4529-a159-2c5961604e2f",
        "object_repr": "Luxury Villa",
        "action_flag": 3,
        "change_message": ""
    }
},
{
    "model": "admin.logentry",
    "pk": 188,
    "fields": {
        "action_time": "2025-03-02T06:08:33.160Z",
        "user": "5e02d875-97a3-4dc1-b653-e5a3afbd200e",
        "content_type": 29,
        "object_id": "2",
        "object_repr": "Weekly Offer for Hotel Misha (10% off)",
        "action_flag": 1,
        "change_message": "[{\"added\": {}}]"
    }
},
{
    "model": "admin.logentry",
    "pk": 189,
    "fields": {
        "action_time": "2025-03-02T06:14:20.050Z",
        "user": "5e02d875-97a3-4dc1-b653-e5a3afbd200e",
        "content_type": 18,
        "object_id": "e3960ef5-ef08-4661-9767-2a0e3859c4be",
        "object_repr": "Hotel Misha",
        "action_flag": 2,
        "change_message": "[{\"added\": {\"name\": \"property image\", \"object\": \"Hotel Misha\"}}, {\"added\": {\"name\": \"property image\", \"object\": \"Hotel Misha\"}}]"
    }
},
{
    "model": "admin.logentry",
    "pk": 190,
    "fields": {
        "action_time": "2025-03-02T09:39:35.478Z",
        "user": "5e02d875-97a3-4dc1-b653-e5a3afbd200e",
        "content_type": 18,
        "object_id": "ffce8ab2-1b5c-4974-aecf-dc27894b27f0",
        "object_repr": "Fish Tail Lodge",
        "action_flag": 2,
        "change_message": "[{\"changed\": {\"name\": \"single unit price\", \"object\": \"Single Unit Price for Fish Tail Lodge\", \"fields\": [\"Base price per night\", \"Seasonal price\", \"Discount percentage\"]}}]"
    }
},
{
    "model": "admin.logentry",
    "pk": 191,
    "fields": {
        "action_time": "2025-03-02T09:45:32.141Z",
        "user": "5e02d875-97a3-4dc1-b653-e5a3afbd200e",
        "content_type": 18,
        "object_id": "2433c216-a690-4cc5-9f5f-370043f472c8",
        "object_repr": "White House Inn Apartment Pvt Ltd",
        "action_flag": 1,
        "change_message": "[{\"added\": {}}, {\"added\": {\"name\": \"breakfast info\", \"object\": \"Breakfast Info (Serve: False, Included: True)\"}}, {\"added\": {\"name\": \"parking info\", \"object\": \"Parking: Free\"}}, {\"added\": {\"name\": \"property amenities\", \"object\": \"Free Wi-Fi at White House Inn Apartment Pvt Ltd\"}}, {\"added\": {\"name\": \"property amenities\", \"object\": \"24/7 Security at White House Inn Apartment Pvt Ltd\"}}, {\"added\": {\"name\": \"property amenities\", \"object\": \"Parking at White House Inn Apartment Pvt Ltd\"}}, {\"added\": {\"name\": \"property amenities\", \"object\": \"Air Conditioning at White House Inn Apartment Pvt Ltd\"}}, {\"added\": {\"name\": \"property amenities\", \"object\": \"Heating at White House Inn Apartment Pvt Ltd\"}}, {\"added\": {\"name\": \"property amenities\", \"object\": \"Flat-screen TV at White House Inn Apartment Pvt Ltd\"}}, {\"added\": {\"name\": \"property amenities\", \"object\": \"Pet Friendly at White House Inn Apartment Pvt Ltd\"}}, {\"added\": {\"name\": \"property amenities\", \"object\": \"Laundry Service at White House Inn Apartment Pvt Ltd\"}}, {\"added\": {\"name\": \"property amenities\", \"object\": \"Luggage Storage at White House Inn Apartment Pvt Ltd\"}}, {\"added\": {\"name\": \"property amenities\", \"object\": \"Coffee/Tea Maker at White House Inn Apartment Pvt Ltd\"}}, {\"added\": {\"name\": \"property amenities\", \"object\": \"Hot Tub/Jacuzzi at White House Inn Apartment Pvt Ltd\"}}, {\"added\": {\"name\": \"property amenities\", \"object\": \"Balcony/Terrace at White House Inn Apartment Pvt Ltd\"}}, {\"added\": {\"name\": \"property amenities\", \"object\": \"Family Rooms at White House Inn Apartment Pvt Ltd\"}}, {\"added\": {\"name\": \"property amenities\", \"object\": \"Garden/Lawn at White House Inn Apartment Pvt Ltd\"}}, {\"added\": {\"name\": \"property amenities\", \"object\": \"Daily Housekeeping at White House Inn Apartment Pvt Ltd\"}}, {\"added\": {\"name\": \"property amenities\", \"object\": \"Free Parking at White House Inn Apartment Pvt Ltd\"}}, {\"added\": {\"name\": \"property amenities\", \"object\": \"High-Speed Internet at White House Inn Apartment Pvt Ltd\"}}, {\"added\": {\"name\": \"policy\", \"object\": \"Policy for White House Inn Apartment Pvt Ltd\"}}, {\"added\": {\"name\": \"cancellation policy\", \"object\": \"Cancellation Policy for White House Inn Apartment Pvt Ltd\"}}]"
    }
},
{
    "model": "admin.logentry",
    "pk": 192,
    "fields": {
        "action_time": "2025-03-02T09:45:36.222Z",
        "user": "5e02d875-97a3-4dc1-b653-e5a3afbd200e",
        "content_type": 18,
        "object_id": "1d9e6dc8-a694-43fd-886e-7cb20cfc80e3",
        "object_repr": "White House Inn Apartment Pvt Ltd",
        "action_flag": 1,
        "change_message": "[{\"added\": {}}, {\"added\": {\"name\": \"breakfast info\", \"object\": \"Breakfast Info (Serve: False, Included: True)\"}}, {\"added\": {\"name\": \"parking info\", \"object\": \"Parking: Free\"}}, {\"added\": {\"name\": \"property amenities\", \"object\": \"Free Wi-Fi at White House Inn Apartment Pvt Ltd\"}}, {\"added\": {\"name\": \"property amenities\", \"object\": \"24/7 Security at White House Inn Apartment Pvt Ltd\"}}, {\"added\": {\"name\": \"property amenities\", \"object\": \"Parking at White House Inn Apartment Pvt Ltd\"}}, {\"added\": {\"name\": \"property amenities\", \"object\": \"Air Conditioning at White House Inn Apartment Pvt Ltd\"}}, {\"added\": {\"name\": \"property amenities\", \"object\": \"Heating at White House Inn Apartment Pvt Ltd\"}}, {\"added\": {\"name\": \"property amenities\", \"object\": \"Flat-screen TV at White House Inn Apartment Pvt Ltd\"}}, {\"added\": {\"name\": \"property amenities\", \"object\": \"Pet Friendly at White House Inn Apartment Pvt Ltd\"}}, {\"added\": {\"name\": \"property amenities\", \"object\": \"Laundry Service at White House Inn Apartment Pvt Ltd\"}}, {\"added\": {\"name\": \"property amenities\", \"object\": \"Luggage Storage at White House Inn Apartment Pvt Ltd\"}}, {\"added\": {\"name\": \"property amenities\", \"object\": \"Coffee/Tea Maker at White House Inn Apartment Pvt Ltd\"}}, {\"added\": {\"name\": \"property amenities\", \"object\": \"Hot Tub/Jacuzzi at White House Inn Apartment Pvt Ltd\"}}, {\"added\": {\"name\": \"property amenities\", \"object\": \"Balcony/Terrace at White House Inn Apartment Pvt Ltd\"}}, {\"added\": {\"name\": \"property amenities\", \"object\": \"Family Rooms at White House Inn Apartment Pvt Ltd\"}}, {\"added\": {\"name\": \"property amenities\", \"object\": \"Garden/Lawn at White House Inn Apartment Pvt Ltd\"}}, {\"added\": {\"name\": \"property amenities\", \"object\": \"Daily Housekeeping at White House Inn Apartment Pvt Ltd\"}}, {\"added\": {\"name\": \"property amenities\", \"object\": \"Free Parking at White House Inn Apartment Pvt Ltd\"}}, {\"added\": {\"name\": \"property amenities\", \"object\": \"High-Speed Internet at White House Inn Apartment Pvt Ltd\"}}, {\"added\": {\"name\": \"policy\", \"object\": \"Policy for White House Inn Apartment Pvt Ltd\"}}, {\"added\": {\"name\": \"cancellation policy\", \"object\": \"Cancellation Policy for White House Inn Apartment Pvt Ltd\"}}]"
    }
},
{
    "model": "admin.logentry",
    "pk": 193,
    "fields": {
        "action_time": "2025-03-02T09:57:28.803Z",
        "user": "5e02d875-97a3-4dc1-b653-e5a3afbd200e",
        "content_type": 18,
        "object_id": "1d9e6dc8-a694-43fd-886e-7cb20cfc80e3",
        "object_repr": "White House Inn Apartment Pvt Ltd",
        "action_flag": 2,
        "change_message": "[{\"changed\": {\"name\": \"cancellation policy\", \"object\": \"Cancellation Policy for White House Inn Apartment Pvt Ltd\", \"fields\": [\"Cancellation fee type\"]}}]"
    }
},
{
    "model": "admin.logentry",
    "pk": 194,
    "fields": {
        "action_time": "2025-03-02T10:28:37.273Z",
        "user": "5e02d875-97a3-4dc1-b653-e5a3afbd200e",
        "content_type": 23,
        "object_id": "f9d270bf-a261-476a-902f-d6ac68a36c3b",
        "object_repr": "Deluxe Room (1 available)",
        "action_flag": 1,
        "change_message": "[{\"added\": {}}, {\"added\": {\"name\": \"room amenities\", \"object\": \"Room Amenities (Wi-Fi: True, TV: True)\"}}, {\"added\": {\"name\": \"room bed\", \"object\": \"2 x Queen Bed in Deluxe Room (1 available)for White House Inn Apartment Pvt Ltd\"}}, {\"added\": {\"name\": \"price\", \"object\": \"Price for Deluxe Room (1 available) - 3000 Rupees\"}}, {\"added\": {\"name\": \"room images\", \"object\": \"RoomImages object (7b322caf-762a-4b0d-85e9-924bed59bfd8)\"}}, {\"added\": {\"name\": \"room images\", \"object\": \"RoomImages object (fc0b3b7e-d95e-4f8b-9069-862440b62f7a)\"}}, {\"added\": {\"name\": \"room images\", \"object\": \"RoomImages object (6ff2ec6c-bf43-48a4-a179-d2769bc0ffb2)\"}}]"
    }
},
{
    "model": "admin.logentry",
    "pk": 195,
    "fields": {
        "action_time": "2025-03-02T10:32:33.682Z",
        "user": "5e02d875-97a3-4dc1-b653-e5a3afbd200e",
        "content_type": 23,
        "object_id": "f9d270bf-a261-476a-902f-d6ac68a36c3b",
        "object_repr": "Deluxe Room (1 available)",
        "action_flag": 2,
        "change_message": "[{\"changed\": {\"name\": \"price\", \"object\": \"Price for Deluxe Room (1 available) - 3000.00 Rupees\", \"fields\": [\"Extra guest price\"]}}]"
    }
},
{
    "model": "admin.logentry",
    "pk": 196,
    "fields": {
        "action_time": "2025-03-02T13:46:05.789Z",
        "user": "5e02d875-97a3-4dc1-b653-e5a3afbd200e",
        "content_type": 23,
        "object_id": "f9d270bf-a261-476a-902f-d6ac68a36c3b",
        "object_repr": "White House Inn Apartment Pvt Ltd - Deluxe Room (1 available)",
        "action_flag": 3,
        "change_message": ""
    }
},
{
    "model": "admin.logentry",
    "pk": 197,
    "fields": {
        "action_time": "2025-03-02T13:46:56.279Z",
        "user": "5e02d875-97a3-4dc1-b653-e5a3afbd200e",
        "content_type": 18,
        "object_id": "2433c216-a690-4cc5-9f5f-370043f472c8",
        "object_repr": "White House Inn Apartment Pvt Ltd",
        "action_flag": 3,
        "change_message": ""
    }
},
{
    "model": "admin.logentry",
    "pk": 198,
    "fields": {
        "action_time": "2025-03-02T13:46:56.279Z",
        "user": "5e02d875-97a3-4dc1-b653-e5a3afbd200e",
        "content_type": 18,
        "object_id": "1d9e6dc8-a694-43fd-886e-7cb20cfc80e3",
        "object_repr": "White House Inn Apartment Pvt Ltd",
        "action_flag": 3,
        "change_message": ""
    }
},
{
    "model": "auth.permission",
    "pk": 1,
    "fields": {
        "name": "Can add log entry",
        "content_type": 1,
        "codename": "add_logentry"
    }
},
{
    "model": "auth.permission",
    "pk": 2,
    "fields": {
        "name": "Can change log entry",
        "content_type": 1,
        "codename": "change_logentry"
    }
},
{
    "model": "auth.permission",
    "pk": 3,
    "fields": {
        "name": "Can delete log entry",
        "content_type": 1,
        "codename": "delete_logentry"
    }
},
{
    "model": "auth.permission",
    "pk": 4,
    "fields": {
        "name": "Can view log entry",
        "content_type": 1,
        "codename": "view_logentry"
    }
},
{
    "model": "auth.permission",
    "pk": 5,
    "fields": {
        "name": "Can add permission",
        "content_type": 2,
        "codename": "add_permission"
    }
},
{
    "model": "auth.permission",
    "pk": 6,
    "fields": {
        "name": "Can change permission",
        "content_type": 2,
        "codename": "change_permission"
    }
},
{
    "model": "auth.permission",
    "pk": 7,
    "fields": {
        "name": "Can delete permission",
        "content_type": 2,
        "codename": "delete_permission"
    }
},
{
    "model": "auth.permission",
    "pk": 8,
    "fields": {
        "name": "Can view permission",
        "content_type": 2,
        "codename": "view_permission"
    }
},
{
    "model": "auth.permission",
    "pk": 9,
    "fields": {
        "name": "Can add group",
        "content_type": 3,
        "codename": "add_group"
    }
},
{
    "model": "auth.permission",
    "pk": 10,
    "fields": {
        "name": "Can change group",
        "content_type": 3,
        "codename": "change_group"
    }
},
{
    "model": "auth.permission",
    "pk": 11,
    "fields": {
        "name": "Can delete group",
        "content_type": 3,
        "codename": "delete_group"
    }
},
{
    "model": "auth.permission",
    "pk": 12,
    "fields": {
        "name": "Can view group",
        "content_type": 3,
        "codename": "view_group"
    }
},
{
    "model": "auth.permission",
    "pk": 13,
    "fields": {
        "name": "Can add content type",
        "content_type": 4,
        "codename": "add_contenttype"
    }
},
{
    "model": "auth.permission",
    "pk": 14,
    "fields": {
        "name": "Can change content type",
        "content_type": 4,
        "codename": "change_contenttype"
    }
},
{
    "model": "auth.permission",
    "pk": 15,
    "fields": {
        "name": "Can delete content type",
        "content_type": 4,
        "codename": "delete_contenttype"
    }
},
{
    "model": "auth.permission",
    "pk": 16,
    "fields": {
        "name": "Can view content type",
        "content_type": 4,
        "codename": "view_contenttype"
    }
},
{
    "model": "auth.permission",
    "pk": 17,
    "fields": {
        "name": "Can add session",
        "content_type": 5,
        "codename": "add_session"
    }
},
{
    "model": "auth.permission",
    "pk": 18,
    "fields": {
        "name": "Can change session",
        "content_type": 5,
        "codename": "change_session"
    }
},
{
    "model": "auth.permission",
    "pk": 19,
    "fields": {
        "name": "Can delete session",
        "content_type": 5,
        "codename": "delete_session"
    }
},
{
    "model": "auth.permission",
    "pk": 20,
    "fields": {
        "name": "Can view session",
        "content_type": 5,
        "codename": "view_session"
    }
},
{
    "model": "auth.permission",
    "pk": 21,
    "fields": {
        "name": "Can add country",
        "content_type": 6,
        "codename": "add_country"
    }
},
{
    "model": "auth.permission",
    "pk": 22,
    "fields": {
        "name": "Can change country",
        "content_type": 6,
        "codename": "change_country"
    }
},
{
    "model": "auth.permission",
    "pk": 23,
    "fields": {
        "name": "Can delete country",
        "content_type": 6,
        "codename": "delete_country"
    }
},
{
    "model": "auth.permission",
    "pk": 24,
    "fields": {
        "name": "Can view country",
        "content_type": 6,
        "codename": "view_country"
    }
},
{
    "model": "auth.permission",
    "pk": 25,
    "fields": {
        "name": "Can add city",
        "content_type": 7,
        "codename": "add_city"
    }
},
{
    "model": "auth.permission",
    "pk": 26,
    "fields": {
        "name": "Can change city",
        "content_type": 7,
        "codename": "change_city"
    }
},
{
    "model": "auth.permission",
    "pk": 27,
    "fields": {
        "name": "Can delete city",
        "content_type": 7,
        "codename": "delete_city"
    }
},
{
    "model": "auth.permission",
    "pk": 28,
    "fields": {
        "name": "Can view city",
        "content_type": 7,
        "codename": "view_city"
    }
},
{
    "model": "auth.permission",
    "pk": 29,
    "fields": {
        "name": "Can add currency",
        "content_type": 8,
        "codename": "add_currency"
    }
},
{
    "model": "auth.permission",
    "pk": 30,
    "fields": {
        "name": "Can change currency",
        "content_type": 8,
        "codename": "change_currency"
    }
},
{
    "model": "auth.permission",
    "pk": 31,
    "fields": {
        "name": "Can delete currency",
        "content_type": 8,
        "codename": "delete_currency"
    }
},
{
    "model": "auth.permission",
    "pk": 32,
    "fields": {
        "name": "Can view currency",
        "content_type": 8,
        "codename": "view_currency"
    }
},
{
    "model": "auth.permission",
    "pk": 33,
    "fields": {
        "name": "Can add property faq",
        "content_type": 9,
        "codename": "add_propertyfaq"
    }
},
{
    "model": "auth.permission",
    "pk": 34,
    "fields": {
        "name": "Can change property faq",
        "content_type": 9,
        "codename": "change_propertyfaq"
    }
},
{
    "model": "auth.permission",
    "pk": 35,
    "fields": {
        "name": "Can delete property faq",
        "content_type": 9,
        "codename": "delete_propertyfaq"
    }
},
{
    "model": "auth.permission",
    "pk": 36,
    "fields": {
        "name": "Can view property faq",
        "content_type": 9,
        "codename": "view_propertyfaq"
    }
},
{
    "model": "auth.permission",
    "pk": 37,
    "fields": {
        "name": "Can add more living faq",
        "content_type": 10,
        "codename": "add_morelivingfaq"
    }
},
{
    "model": "auth.permission",
    "pk": 38,
    "fields": {
        "name": "Can change more living faq",
        "content_type": 10,
        "codename": "change_morelivingfaq"
    }
},
{
    "model": "auth.permission",
    "pk": 39,
    "fields": {
        "name": "Can delete more living faq",
        "content_type": 10,
        "codename": "delete_morelivingfaq"
    }
},
{
    "model": "auth.permission",
    "pk": 40,
    "fields": {
        "name": "Can view more living faq",
        "content_type": 10,
        "codename": "view_morelivingfaq"
    }
},
{
    "model": "auth.permission",
    "pk": 41,
    "fields": {
        "name": "Can add amenity",
        "content_type": 11,
        "codename": "add_amenity"
    }
},
{
    "model": "auth.permission",
    "pk": 42,
    "fields": {
        "name": "Can change amenity",
        "content_type": 11,
        "codename": "change_amenity"
    }
},
{
    "model": "auth.permission",
    "pk": 43,
    "fields": {
        "name": "Can delete amenity",
        "content_type": 11,
        "codename": "delete_amenity"
    }
},
{
    "model": "auth.permission",
    "pk": 44,
    "fields": {
        "name": "Can view amenity",
        "content_type": 11,
        "codename": "view_amenity"
    }
},
{
    "model": "auth.permission",
    "pk": 45,
    "fields": {
        "name": "Can add breakfast info",
        "content_type": 12,
        "codename": "add_breakfastinfo"
    }
},
{
    "model": "auth.permission",
    "pk": 46,
    "fields": {
        "name": "Can change breakfast info",
        "content_type": 12,
        "codename": "change_breakfastinfo"
    }
},
{
    "model": "auth.permission",
    "pk": 47,
    "fields": {
        "name": "Can delete breakfast info",
        "content_type": 12,
        "codename": "delete_breakfastinfo"
    }
},
{
    "model": "auth.permission",
    "pk": 48,
    "fields": {
        "name": "Can view breakfast info",
        "content_type": 12,
        "codename": "view_breakfastinfo"
    }
},
{
    "model": "auth.permission",
    "pk": 49,
    "fields": {
        "name": "Can add parking info",
        "content_type": 13,
        "codename": "add_parkinginfo"
    }
},
{
    "model": "auth.permission",
    "pk": 50,
    "fields": {
        "name": "Can change parking info",
        "content_type": 13,
        "codename": "change_parkinginfo"
    }
},
{
    "model": "auth.permission",
    "pk": 51,
    "fields": {
        "name": "Can delete parking info",
        "content_type": 13,
        "codename": "delete_parkinginfo"
    }
},
{
    "model": "auth.permission",
    "pk": 52,
    "fields": {
        "name": "Can view parking info",
        "content_type": 13,
        "codename": "view_parkinginfo"
    }
},
{
    "model": "auth.permission",
    "pk": 53,
    "fields": {
        "name": "Can add policy",
        "content_type": 14,
        "codename": "add_policy"
    }
},
{
    "model": "auth.permission",
    "pk": 54,
    "fields": {
        "name": "Can change policy",
        "content_type": 14,
        "codename": "change_policy"
    }
},
{
    "model": "auth.permission",
    "pk": 55,
    "fields": {
        "name": "Can delete policy",
        "content_type": 14,
        "codename": "delete_policy"
    }
},
{
    "model": "auth.permission",
    "pk": 56,
    "fields": {
        "name": "Can view policy",
        "content_type": 14,
        "codename": "view_policy"
    }
},
{
    "model": "auth.permission",
    "pk": 57,
    "fields": {
        "name": "Can add property amenities",
        "content_type": 15,
        "codename": "add_propertyamenities"
    }
},
{
    "model": "auth.permission",
    "pk": 58,
    "fields": {
        "name": "Can change property amenities",
        "content_type": 15,
        "codename": "change_propertyamenities"
    }
},
{
    "model": "auth.permission",
    "pk": 59,
    "fields": {
        "name": "Can delete property amenities",
        "content_type": 15,
        "codename": "delete_propertyamenities"
    }
},
{
    "model": "auth.permission",
    "pk": 60,
    "fields": {
        "name": "Can view property amenities",
        "content_type": 15,
        "codename": "view_propertyamenities"
    }
},
{
    "model": "auth.permission",
    "pk": 61,
    "fields": {
        "name": "Can add property category",
        "content_type": 16,
        "codename": "add_propertycategory"
    }
},
{
    "model": "auth.permission",
    "pk": 62,
    "fields": {
        "name": "Can change property category",
        "content_type": 16,
        "codename": "change_propertycategory"
    }
},
{
    "model": "auth.permission",
    "pk": 63,
    "fields": {
        "name": "Can delete property category",
        "content_type": 16,
        "codename": "delete_propertycategory"
    }
},
{
    "model": "auth.permission",
    "pk": 64,
    "fields": {
        "name": "Can view property category",
        "content_type": 16,
        "codename": "view_propertycategory"
    }
},
{
    "model": "auth.permission",
    "pk": 65,
    "fields": {
        "name": "Can add property image",
        "content_type": 17,
        "codename": "add_propertyimage"
    }
},
{
    "model": "auth.permission",
    "pk": 66,
    "fields": {
        "name": "Can change property image",
        "content_type": 17,
        "codename": "change_propertyimage"
    }
},
{
    "model": "auth.permission",
    "pk": 67,
    "fields": {
        "name": "Can delete property image",
        "content_type": 17,
        "codename": "delete_propertyimage"
    }
},
{
    "model": "auth.permission",
    "pk": 68,
    "fields": {
        "name": "Can view property image",
        "content_type": 17,
        "codename": "view_propertyimage"
    }
},
{
    "model": "auth.permission",
    "pk": 69,
    "fields": {
        "name": "Can add property",
        "content_type": 18,
        "codename": "add_property"
    }
},
{
    "model": "auth.permission",
    "pk": 70,
    "fields": {
        "name": "Can change property",
        "content_type": 18,
        "codename": "change_property"
    }
},
{
    "model": "auth.permission",
    "pk": 71,
    "fields": {
        "name": "Can delete property",
        "content_type": 18,
        "codename": "delete_property"
    }
},
{
    "model": "auth.permission",
    "pk": 72,
    "fields": {
        "name": "Can view property",
        "content_type": 18,
        "codename": "view_property"
    }
},
{
    "model": "auth.permission",
    "pk": 73,
    "fields": {
        "name": "Can add guest review",
        "content_type": 19,
        "codename": "add_guestreview"
    }
},
{
    "model": "auth.permission",
    "pk": 74,
    "fields": {
        "name": "Can change guest review",
        "content_type": 19,
        "codename": "change_guestreview"
    }
},
{
    "model": "auth.permission",
    "pk": 75,
    "fields": {
        "name": "Can delete guest review",
        "content_type": 19,
        "codename": "delete_guestreview"
    }
},
{
    "model": "auth.permission",
    "pk": 76,
    "fields": {
        "name": "Can view guest review",
        "content_type": 19,
        "codename": "view_guestreview"
    }
},
{
    "model": "auth.permission",
    "pk": 77,
    "fields": {
        "name": "Can add property review",
        "content_type": 20,
        "codename": "add_propertyreview"
    }
},
{
    "model": "auth.permission",
    "pk": 78,
    "fields": {
        "name": "Can change property review",
        "content_type": 20,
        "codename": "change_propertyreview"
    }
},
{
    "model": "auth.permission",
    "pk": 79,
    "fields": {
        "name": "Can delete property review",
        "content_type": 20,
        "codename": "delete_propertyreview"
    }
},
{
    "model": "auth.permission",
    "pk": 80,
    "fields": {
        "name": "Can view property review",
        "content_type": 20,
        "codename": "view_propertyreview"
    }
},
{
    "model": "auth.permission",
    "pk": 81,
    "fields": {
        "name": "Can add bed type",
        "content_type": 21,
        "codename": "add_bedtype"
    }
},
{
    "model": "auth.permission",
    "pk": 82,
    "fields": {
        "name": "Can change bed type",
        "content_type": 21,
        "codename": "change_bedtype"
    }
},
{
    "model": "auth.permission",
    "pk": 83,
    "fields": {
        "name": "Can delete bed type",
        "content_type": 21,
        "codename": "delete_bedtype"
    }
},
{
    "model": "auth.permission",
    "pk": 84,
    "fields": {
        "name": "Can view bed type",
        "content_type": 21,
        "codename": "view_bedtype"
    }
},
{
    "model": "auth.permission",
    "pk": 85,
    "fields": {
        "name": "Can add room amenities",
        "content_type": 22,
        "codename": "add_roomamenities"
    }
},
{
    "model": "auth.permission",
    "pk": 86,
    "fields": {
        "name": "Can change room amenities",
        "content_type": 22,
        "codename": "change_roomamenities"
    }
},
{
    "model": "auth.permission",
    "pk": 87,
    "fields": {
        "name": "Can delete room amenities",
        "content_type": 22,
        "codename": "delete_roomamenities"
    }
},
{
    "model": "auth.permission",
    "pk": 88,
    "fields": {
        "name": "Can view room amenities",
        "content_type": 22,
        "codename": "view_roomamenities"
    }
},
{
    "model": "auth.permission",
    "pk": 89,
    "fields": {
        "name": "Can add room type",
        "content_type": 23,
        "codename": "add_roomtype"
    }
},
{
    "model": "auth.permission",
    "pk": 90,
    "fields": {
        "name": "Can change room type",
        "content_type": 23,
        "codename": "change_roomtype"
    }
},
{
    "model": "auth.permission",
    "pk": 91,
    "fields": {
        "name": "Can delete room type",
        "content_type": 23,
        "codename": "delete_roomtype"
    }
},
{
    "model": "auth.permission",
    "pk": 92,
    "fields": {
        "name": "Can view room type",
        "content_type": 23,
        "codename": "view_roomtype"
    }
},
{
    "model": "auth.permission",
    "pk": 93,
    "fields": {
        "name": "Can add room images",
        "content_type": 24,
        "codename": "add_roomimages"
    }
},
{
    "model": "auth.permission",
    "pk": 94,
    "fields": {
        "name": "Can change room images",
        "content_type": 24,
        "codename": "change_roomimages"
    }
},
{
    "model": "auth.permission",
    "pk": 95,
    "fields": {
        "name": "Can delete room images",
        "content_type": 24,
        "codename": "delete_roomimages"
    }
},
{
    "model": "auth.permission",
    "pk": 96,
    "fields": {
        "name": "Can view room images",
        "content_type": 24,
        "codename": "view_roomimages"
    }
},
{
    "model": "auth.permission",
    "pk": 97,
    "fields": {
        "name": "Can add room bed",
        "content_type": 25,
        "codename": "add_roombed"
    }
},
{
    "model": "auth.permission",
    "pk": 98,
    "fields": {
        "name": "Can change room bed",
        "content_type": 25,
        "codename": "change_roombed"
    }
},
{
    "model": "auth.permission",
    "pk": 99,
    "fields": {
        "name": "Can delete room bed",
        "content_type": 25,
        "codename": "delete_roombed"
    }
},
{
    "model": "auth.permission",
    "pk": 100,
    "fields": {
        "name": "Can view room bed",
        "content_type": 25,
        "codename": "view_roombed"
    }
},
{
    "model": "auth.permission",
    "pk": 101,
    "fields": {
        "name": "Can add price",
        "content_type": 26,
        "codename": "add_price"
    }
},
{
    "model": "auth.permission",
    "pk": 102,
    "fields": {
        "name": "Can change price",
        "content_type": 26,
        "codename": "change_price"
    }
},
{
    "model": "auth.permission",
    "pk": 103,
    "fields": {
        "name": "Can delete price",
        "content_type": 26,
        "codename": "delete_price"
    }
},
{
    "model": "auth.permission",
    "pk": 104,
    "fields": {
        "name": "Can view price",
        "content_type": 26,
        "codename": "view_price"
    }
},
{
    "model": "auth.permission",
    "pk": 105,
    "fields": {
        "name": "Can add user",
        "content_type": 27,
        "codename": "add_user"
    }
},
{
    "model": "auth.permission",
    "pk": 106,
    "fields": {
        "name": "Can change user",
        "content_type": 27,
        "codename": "change_user"
    }
},
{
    "model": "auth.permission",
    "pk": 107,
    "fields": {
        "name": "Can delete user",
        "content_type": 27,
        "codename": "delete_user"
    }
},
{
    "model": "auth.permission",
    "pk": 108,
    "fields": {
        "name": "Can view user",
        "content_type": 27,
        "codename": "view_user"
    }
},
{
    "model": "auth.permission",
    "pk": 109,
    "fields": {
        "name": "Can add booking",
        "content_type": 28,
        "codename": "add_booking"
    }
},
{
    "model": "auth.permission",
    "pk": 110,
    "fields": {
        "name": "Can change booking",
        "content_type": 28,
        "codename": "change_booking"
    }
},
{
    "model": "auth.permission",
    "pk": 111,
    "fields": {
        "name": "Can delete booking",
        "content_type": 28,
        "codename": "delete_booking"
    }
},
{
    "model": "auth.permission",
    "pk": 112,
    "fields": {
        "name": "Can view booking",
        "content_type": 28,
        "codename": "view_booking"
    }
},
{
    "model": "auth.permission",
    "pk": 113,
    "fields": {
        "name": "Can add weekly offer",
        "content_type": 29,
        "codename": "add_weeklyoffer"
    }
},
{
    "model": "auth.permission",
    "pk": 114,
    "fields": {
        "name": "Can change weekly offer",
        "content_type": 29,
        "codename": "change_weeklyoffer"
    }
},
{
    "model": "auth.permission",
    "pk": 115,
    "fields": {
        "name": "Can delete weekly offer",
        "content_type": 29,
        "codename": "delete_weeklyoffer"
    }
},
{
    "model": "auth.permission",
    "pk": 116,
    "fields": {
        "name": "Can view weekly offer",
        "content_type": 29,
        "codename": "view_weeklyoffer"
    }
},
{
    "model": "auth.permission",
    "pk": 117,
    "fields": {
        "name": "Can add cancellation policy",
        "content_type": 30,
        "codename": "add_cancellationpolicy"
    }
},
{
    "model": "auth.permission",
    "pk": 118,
    "fields": {
        "name": "Can change cancellation policy",
        "content_type": 30,
        "codename": "change_cancellationpolicy"
    }
},
{
    "model": "auth.permission",
    "pk": 119,
    "fields": {
        "name": "Can delete cancellation policy",
        "content_type": 30,
        "codename": "delete_cancellationpolicy"
    }
},
{
    "model": "auth.permission",
    "pk": 120,
    "fields": {
        "name": "Can view cancellation policy",
        "content_type": 30,
        "codename": "view_cancellationpolicy"
    }
},
{
    "model": "auth.permission",
    "pk": 121,
    "fields": {
        "name": "Can add single unit price",
        "content_type": 31,
        "codename": "add_singleunitprice"
    }
},
{
    "model": "auth.permission",
    "pk": 122,
    "fields": {
        "name": "Can change single unit price",
        "content_type": 31,
        "codename": "change_singleunitprice"
    }
},
{
    "model": "auth.permission",
    "pk": 123,
    "fields": {
        "name": "Can delete single unit price",
        "content_type": 31,
        "codename": "delete_singleunitprice"
    }
},
{
    "model": "auth.permission",
    "pk": 124,
    "fields": {
        "name": "Can view single unit price",
        "content_type": 31,
        "codename": "view_singleunitprice"
    }
},
{
    "model": "auth.permission",
    "pk": 125,
    "fields": {
        "name": "Can add about",
        "content_type": 32,
        "codename": "add_about"
    }
},
{
    "model": "auth.permission",
    "pk": 126,
    "fields": {
        "name": "Can change about",
        "content_type": 32,
        "codename": "change_about"
    }
},
{
    "model": "auth.permission",
    "pk": 127,
    "fields": {
        "name": "Can delete about",
        "content_type": 32,
        "codename": "delete_about"
    }
},
{
    "model": "auth.permission",
    "pk": 128,
    "fields": {
        "name": "Can view about",
        "content_type": 32,
        "codename": "view_about"
    }
},
{
    "model": "auth.permission",
    "pk": 129,
    "fields": {
        "name": "Can add faq",
        "content_type": 33,
        "codename": "add_faq"
    }
},
{
    "model": "auth.permission",
    "pk": 130,
    "fields": {
        "name": "Can change faq",
        "content_type": 33,
        "codename": "change_faq"
    }
},
{
    "model": "auth.permission",
    "pk": 131,
    "fields": {
        "name": "Can delete faq",
        "content_type": 33,
        "codename": "delete_faq"
    }
},
{
    "model": "auth.permission",
    "pk": 132,
    "fields": {
        "name": "Can view faq",
        "content_type": 33,
        "codename": "view_faq"
    }
},
{
    "model": "auth.permission",
    "pk": 133,
    "fields": {
        "name": "Can add philosophy",
        "content_type": 34,
        "codename": "add_philosophy"
    }
},
{
    "model": "auth.permission",
    "pk": 134,
    "fields": {
        "name": "Can change philosophy",
        "content_type": 34,
        "codename": "change_philosophy"
    }
},
{
    "model": "auth.permission",
    "pk": 135,
    "fields": {
        "name": "Can delete philosophy",
        "content_type": 34,
        "codename": "delete_philosophy"
    }
},
{
    "model": "auth.permission",
    "pk": 136,
    "fields": {
        "name": "Can view philosophy",
        "content_type": 34,
        "codename": "view_philosophy"
    }
},
{
    "model": "auth.permission",
    "pk": 137,
    "fields": {
        "name": "Can add privacy policy",
        "content_type": 35,
        "codename": "add_privacypolicy"
    }
},
{
    "model": "auth.permission",
    "pk": 138,
    "fields": {
        "name": "Can change privacy policy",
        "content_type": 35,
        "codename": "change_privacypolicy"
    }
},
{
    "model": "auth.permission",
    "pk": 139,
    "fields": {
        "name": "Can delete privacy policy",
        "content_type": 35,
        "codename": "delete_privacypolicy"
    }
},
{
    "model": "auth.permission",
    "pk": 140,
    "fields": {
        "name": "Can view privacy policy",
        "content_type": 35,
        "codename": "view_privacypolicy"
    }
},
{
    "model": "auth.permission",
    "pk": 141,
    "fields": {
        "name": "Can add terms and condition",
        "content_type": 36,
        "codename": "add_termsandcondition"
    }
},
{
    "model": "auth.permission",
    "pk": 142,
    "fields": {
        "name": "Can change terms and condition",
        "content_type": 36,
        "codename": "change_termsandcondition"
    }
},
{
    "model": "auth.permission",
    "pk": 143,
    "fields": {
        "name": "Can delete terms and condition",
        "content_type": 36,
        "codename": "delete_termsandcondition"
    }
},
{
    "model": "auth.permission",
    "pk": 144,
    "fields": {
        "name": "Can view terms and condition",
        "content_type": 36,
        "codename": "view_termsandcondition"
    }
},
{
    "model": "auth.permission",
    "pk": 145,
    "fields": {
        "name": "Can add who we are",
        "content_type": 37,
        "codename": "add_whoweare"
    }
},
{
    "model": "auth.permission",
    "pk": 146,
    "fields": {
        "name": "Can change who we are",
        "content_type": 37,
        "codename": "change_whoweare"
    }
},
{
    "model": "auth.permission",
    "pk": 147,
    "fields": {
        "name": "Can delete who we are",
        "content_type": 37,
        "codename": "delete_whoweare"
    }
},
{
    "model": "auth.permission",
    "pk": 148,
    "fields": {
        "name": "Can view who we are",
        "content_type": 37,
        "codename": "view_whoweare"
    }
},
{
    "model": "auth.permission",
    "pk": 149,
    "fields": {
        "name": "Can add newsletter",
        "content_type": 38,
        "codename": "add_newsletter"
    }
},
{
    "model": "auth.permission",
    "pk": 150,
    "fields": {
        "name": "Can change newsletter",
        "content_type": 38,
        "codename": "change_newsletter"
    }
},
{
    "model": "auth.permission",
    "pk": 151,
    "fields": {
        "name": "Can delete newsletter",
        "content_type": 38,
        "codename": "delete_newsletter"
    }
},
{
    "model": "auth.permission",
    "pk": 152,
    "fields": {
        "name": "Can view newsletter",
        "content_type": 38,
        "codename": "view_newsletter"
    }
},
{
    "model": "contenttypes.contenttype",
    "pk": 1,
    "fields": {
        "app_label": "admin",
        "model": "logentry"
    }
},
{
    "model": "contenttypes.contenttype",
    "pk": 2,
    "fields": {
        "app_label": "auth",
        "model": "permission"
    }
},
{
    "model": "contenttypes.contenttype",
    "pk": 3,
    "fields": {
        "app_label": "auth",
        "model": "group"
    }
},
{
    "model": "contenttypes.contenttype",
    "pk": 4,
    "fields": {
        "app_label": "contenttypes",
        "model": "contenttype"
    }
},
{
    "model": "contenttypes.contenttype",
    "pk": 5,
    "fields": {
        "app_label": "sessions",
        "model": "session"
    }
},
{
    "model": "contenttypes.contenttype",
    "pk": 6,
    "fields": {
        "app_label": "country",
        "model": "country"
    }
},
{
    "model": "contenttypes.contenttype",
    "pk": 7,
    "fields": {
        "app_label": "country",
        "model": "city"
    }
},
{
    "model": "contenttypes.contenttype",
    "pk": 8,
    "fields": {
        "app_label": "currency",
        "model": "currency"
    }
},
{
    "model": "contenttypes.contenttype",
    "pk": 9,
    "fields": {
        "app_label": "faq",
        "model": "propertyfaq"
    }
},
{
    "model": "contenttypes.contenttype",
    "pk": 10,
    "fields": {
        "app_label": "faq",
        "model": "morelivingfaq"
    }
},
{
    "model": "contenttypes.contenttype",
    "pk": 11,
    "fields": {
        "app_label": "property",
        "model": "amenity"
    }
},
{
    "model": "contenttypes.contenttype",
    "pk": 12,
    "fields": {
        "app_label": "property",
        "model": "breakfastinfo"
    }
},
{
    "model": "contenttypes.contenttype",
    "pk": 13,
    "fields": {
        "app_label": "property",
        "model": "parkinginfo"
    }
},
{
    "model": "contenttypes.contenttype",
    "pk": 14,
    "fields": {
        "app_label": "property",
        "model": "policy"
    }
},
{
    "model": "contenttypes.contenttype",
    "pk": 15,
    "fields": {
        "app_label": "property",
        "model": "propertyamenities"
    }
},
{
    "model": "contenttypes.contenttype",
    "pk": 16,
    "fields": {
        "app_label": "property",
        "model": "propertycategory"
    }
},
{
    "model": "contenttypes.contenttype",
    "pk": 17,
    "fields": {
        "app_label": "property",
        "model": "propertyimage"
    }
},
{
    "model": "contenttypes.contenttype",
    "pk": 18,
    "fields": {
        "app_label": "property",
        "model": "property"
    }
},
{
    "model": "contenttypes.contenttype",
    "pk": 19,
    "fields": {
        "app_label": "reviews",
        "model": "guestreview"
    }
},
{
    "model": "contenttypes.contenttype",
    "pk": 20,
    "fields": {
        "app_label": "reviews",
        "model": "propertyreview"
    }
},
{
    "model": "contenttypes.contenttype",
    "pk": 21,
    "fields": {
        "app_label": "rooms",
        "model": "bedtype"
    }
},
{
    "model": "contenttypes.contenttype",
    "pk": 22,
    "fields": {
        "app_label": "rooms",
        "model": "roomamenities"
    }
},
{
    "model": "contenttypes.contenttype",
    "pk": 23,
    "fields": {
        "app_label": "rooms",
        "model": "roomtype"
    }
},
{
    "model": "contenttypes.contenttype",
    "pk": 24,
    "fields": {
        "app_label": "rooms",
        "model": "roomimages"
    }
},
{
    "model": "contenttypes.contenttype",
    "pk": 25,
    "fields": {
        "app_label": "rooms",
        "model": "roombed"
    }
},
{
    "model": "contenttypes.contenttype",
    "pk": 26,
    "fields": {
        "app_label": "rooms",
        "model": "price"
    }
},
{
    "model": "contenttypes.contenttype",
    "pk": 27,
    "fields": {
        "app_label": "users",
        "model": "user"
    }
},
{
    "model": "contenttypes.contenttype",
    "pk": 28,
    "fields": {
        "app_label": "bookings",
        "model": "booking"
    }
},
{
    "model": "contenttypes.contenttype",
    "pk": 29,
    "fields": {
        "app_label": "offers",
        "model": "weeklyoffer"
    }
},
{
    "model": "contenttypes.contenttype",
    "pk": 30,
    "fields": {
        "app_label": "property",
        "model": "cancellationpolicy"
    }
},
{
    "model": "contenttypes.contenttype",
    "pk": 31,
    "fields": {
        "app_label": "property",
        "model": "singleunitprice"
    }
},
{
    "model": "contenttypes.contenttype",
    "pk": 32,
    "fields": {
        "app_label": "meta",
        "model": "about"
    }
},
{
    "model": "contenttypes.contenttype",
    "pk": 33,
    "fields": {
        "app_label": "meta",
        "model": "faq"
    }
},
{
    "model": "contenttypes.contenttype",
    "pk": 34,
    "fields": {
        "app_label": "meta",
        "model": "philosophy"
    }
},
{
    "model": "contenttypes.contenttype",
    "pk": 35,
    "fields": {
        "app_label": "meta",
        "model": "privacypolicy"
    }
},
{
    "model": "contenttypes.contenttype",
    "pk": 36,
    "fields": {
        "app_label": "meta",
        "model": "termsandcondition"
    }
},
{
    "model": "contenttypes.contenttype",
    "pk": 37,
    "fields": {
        "app_label": "meta",
        "model": "whoweare"
    }
},
{
    "model": "contenttypes.contenttype",
    "pk": 38,
    "fields": {
        "app_label": "newsletter",
        "model": "newsletter"
    }
},
{
    "model": "sessions.session",
    "pk": "0iw02fzqv70350creqmu9cdu8is97hh5",
    "fields": {
        "session_data": ".eJxVzDsOwyAQRdG9UAcEgxlwyvRZgzUwQ5yPbMmfKsreY0sukvqd-96qo3Xpu3WWqbuzOqsgFjjFoNtIXjdcnM4YvJZAnmpmsFbU6TfLVJ4y7C0_aLiNpozDMt2z2Yk51tlcR5bX5bB_Bz3N_VZbKAjeYUUqSJzYcxudSACpDBgDbYB8EWwA2JVgsSZBJGpzTL6qzxcN9kGd:1tkKbR:zbYcxcpjOOW3L-FXufQ-fJI99idZcGWR0Nc9OAhw6tk",
        "expire_date": "2025-03-04T10:13:21.723Z"
    }
},
{
    "model": "sessions.session",
    "pk": "0qkdxrlron17lqexvlqkhhz3emmcifi4",
    "fields": {
        "session_data": ".eJxVzDsOwyAQRdG9UAcEgxlwyvRZgzUwQ5yPbMmfKsreY0sukvqd-96qo3Xpu3WWqbuzOqsgFjjFoNtIXjdcnM4YvJZAnmpmsFbU6TfLVJ4y7C0_aLiNpozDMt2z2Yk51tlcR5bX5bB_Bz3N_VZbKAjeYUUqSJzYcxudSACpDBgDbYB8EWwA2JVgsSZBJGpzTL6qzxcN9kGd:1tdMt7:eR72XlRht5DhxHjQZdWKpNUmKlTJG3Zzr4h1yrzLsGU",
        "expire_date": "2025-02-13T05:14:49.285Z"
    }
},
{
    "model": "sessions.session",
    "pk": "1eciopmxvvv80pxhvizxzfsdaooyjn6y",
    "fields": {
        "session_data": ".eJxVzDsOwyAQRdG9UAcEgxlwyvRZgzUwQ5yPbMmfKsreY0sukvqd-96qo3Xpu3WWqbuzOqsgFjjFoNtIXjdcnM4YvJZAnmpmsFbU6TfLVJ4y7C0_aLiNpozDMt2z2Yk51tlcR5bX5bB_Bz3N_VZbKAjeYUUqSJzYcxudSACpDBgDbYB8EWwA2JVgsSZBJGpzTL6qzxcN9kGd:1tceNC:SQ6-EuMRDv2wViGeh-bLE8ze49xJW2Vmi69_MR_B9ww",
        "expire_date": "2025-02-11T05:42:54.740Z"
    }
},
{
    "model": "sessions.session",
    "pk": "290obkl9i0xr7mw5yf9svvwfre2yv63d",
    "fields": {
        "session_data": ".eJxVzDsOwyAQRdG9UAcEgxlwyvRZgzUwQ5yPbMmfKsreY0sukvqd-96qo3Xpu3WWqbuzOqsgFjjFoNtIXjdcnM4YvJZAnmpmsFbU6TfLVJ4y7C0_aLiNpozDMt2z2Yk51tlcR5bX5bB_Bz3N_VZbKAjeYUUqSJzYcxudSACpDBgDbYB8EWwA2JVgsSZBJGpzTL6qzxcN9kGd:1tocSs:5iWx7v7PJ-s2Fnzfyge72SNPY1gBSfFce_SIasXIJus",
        "expire_date": "2025-03-16T06:06:14.097Z"
    }
},
{
    "model": "sessions.session",
    "pk": "46gomqxwahvw0hcvyk65h9rgn3y9mhbq",
    "fields": {
        "session_data": ".eJxVzDsOwyAQRdG9UAcEgxlwyvRZgzUwQ5yPbMmfKsreY0sukvqd-96qo3Xpu3WWqbuzOqsgFjjFoNtIXjdcnM4YvJZAnmpmsFbU6TfLVJ4y7C0_aLiNpozDMt2z2Yk51tlcR5bX5bB_Bz3N_VZbKAjeYUUqSJzYcxudSACpDBgDbYB8EWwA2JVgsSZBJGpzTL6qzxcN9kGd:1thP2x:JrVsWxRNr0IOkLMWRPtIgxgG7xEMagwR2WR1vocca1k",
        "expire_date": "2025-02-24T08:21:39.208Z"
    }
},
{
    "model": "sessions.session",
    "pk": "4bshg5zhujnx3pgh6t55dg5xik09s598",
    "fields": {
        "session_data": ".eJxVzDsOwyAQRdG9UAcEgxlwyvRZgzUwQ5yPbMmfKsreY0sukvqd-96qo3Xpu3WWqbuzOqsgFjjFoNtIXjdcnM4YvJZAnmpmsFbU6TfLVJ4y7C0_aLiNpozDMt2z2Yk51tlcR5bX5bB_Bz3N_VZbKAjeYUUqSJzYcxudSACpDBgDbYB8EWwA2JVgsSZBJGpzTL6qzxcN9kGd:1tcIHX:KLZTH3-FrIsnpCfsmoEl2TW3lV2ZEntu_eZAjXNXsFw",
        "expire_date": "2025-02-10T06:07:35.347Z"
    }
},
{
    "model": "sessions.session",
    "pk": "9dn2fit2722g56n37gpddex70up90gmt",
    "fields": {
        "session_data": ".eJxVzDsOwyAQRdG9UAcEgxlwyvRZgzUwQ5yPbMmfKsreY0sukvqd-96qo3Xpu3WWqbuzOqsgFjjFoNtIXjdcnM4YvJZAnmpmsFbU6TfLVJ4y7C0_aLiNpozDMt2z2Yk51tlcR5bX5bB_Bz3N_VZbKAjeYUUqSJzYcxudSACpDBgDbYB8EWwA2JVgsSZBJGpzTL6qzxcN9kGd:1tiXkV:cCKfsYP0iytnVluvPnFQvncQVJk2SLMOkONkyq_MGWc",
        "expire_date": "2025-02-27T11:51:19.407Z"
    }
},
{
    "model": "sessions.session",
    "pk": "c8uf2gyvbn96a99zvvtpdjvbzjhd89tg",
    "fields": {
        "session_data": ".eJxVzDsOwyAQRdG9UAcEgxlwyvRZgzUwQ5yPbMmfKsreY0sukvqd-96qo3Xpu3WWqbuzOqsgFjjFoNtIXjdcnM4YvJZAnmpmsFbU6TfLVJ4y7C0_aLiNpozDMt2z2Yk51tlcR5bX5bB_Bz3N_VZbKAjeYUUqSJzYcxudSACpDBgDbYB8EWwA2JVgsSZBJGpzTL6qzxcN9kGd:1tgzkw:clZy9ANkcIgVCJVw2Ak7GZVbikA8ptjtuQBPVZLwXHc",
        "expire_date": "2025-02-23T05:21:22.371Z"
    }
},
{
    "model": "sessions.session",
    "pk": "cetg0ew95o987vml470miw3431coe0g5",
    "fields": {
        "session_data": ".eJxVzDsOwyAQRdG9UAcEgxlwyvRZgzUwQ5yPbMmfKsreY0sukvqd-96qo3Xpu3WWqbuzOqsgFjjFoNtIXjdcnM4YvJZAnmpmsFbU6TfLVJ4y7C0_aLiNpozDMt2z2Yk51tlcR5bX5bB_Bz3N_VZbKAjeYUUqSJzYcxudSACpDBgDbYB8EWwA2JVgsSZBJGpzTL6qzxcN9kGd:1tbEo5:ETsiguVZUkFVu9DULlGa9Wf-B09-XgCTWOLLcOKpKyA",
        "expire_date": "2025-02-07T08:12:49.239Z"
    }
},
{
    "model": "sessions.session",
    "pk": "d9hxo0a7tcmb2ad3t918092wf00p6l3h",
    "fields": {
        "session_data": ".eJxVzDsOwyAQRdG9UAcEgxlwyvRZgzUwQ5yPbMmfKsreY0sukvqd-96qo3Xpu3WWqbuzOqsgFjjFoNtIXjdcnM4YvJZAnmpmsFbU6TfLVJ4y7C0_aLiNpozDMt2z2Yk51tlcR5bX5bB_Bz3N_VZbKAjeYUUqSJzYcxudSACpDBgDbYB8EWwA2JVgsSZBJGpzTL6qzxcN9kGd:1todhd:AQyy4RLVG44skKUZ_goKHGC7obE5YbFCDrmlcQPxUkg",
        "expire_date": "2025-03-16T07:25:33.792Z"
    }
},
{
    "model": "sessions.session",
    "pk": "dmddd0f9sfraywjsr6hfoycmw65ci2lw",
    "fields": {
        "session_data": ".eJxVzDsOwyAQRdG9UAcEgxlwyvRZgzUwQ5yPbMmfKsreY0sukvqd-96qo3Xpu3WWqbuzOqsgFjjFoNtIXjdcnM4YvJZAnmpmsFbU6TfLVJ4y7C0_aLiNpozDMt2z2Yk51tlcR5bX5bB_Bz3N_VZbKAjeYUUqSJzYcxudSACpDBgDbYB8EWwA2JVgsSZBJGpzTL6qzxcN9kGd:1toeNR:4Fbwum-4yBIGB0bdkUvxFsPYrfKfLgJIQdeSPZo99ZY",
        "expire_date": "2025-03-16T08:08:45.539Z"
    }
},
{
    "model": "sessions.session",
    "pk": "dtbbngfgg14e8efy37t3gvmz358x2qwy",
    "fields": {
        "session_data": ".eJxVzDsOwyAQRdG9UAcEgxlwyvRZgzUwQ5yPbMmfKsreY0sukvqd-96qo3Xpu3WWqbuzOqsgFjjFoNtIXjdcnM4YvJZAnmpmsFbU6TfLVJ4y7C0_aLiNpozDMt2z2Yk51tlcR5bX5bB_Bz3N_VZbKAjeYUUqSJzYcxudSACpDBgDbYB8EWwA2JVgsSZBJGpzTL6qzxcN9kGd:1toi2R:UgNhEwLppS5_lEILeZZtsmqBu8VOr1pgR8g-0ZcPQxw",
        "expire_date": "2025-03-16T12:03:19.700Z"
    }
},
{
    "model": "sessions.session",
    "pk": "fxvdxjp4lnd3u3gbmfhh94vtnecbsvp2",
    "fields": {
        "session_data": ".eJxVzDsOwyAQRdG9UAcEgxlwyvRZgzUwQ5yPbMmfKsreY0sukvqd-96qo3Xpu3WWqbuzOqsgFjjFoNtIXjdcnM4YvJZAnmpmsFbU6TfLVJ4y7C0_aLiNpozDMt2z2Yk51tlcR5bX5bB_Bz3N_VZbKAjeYUUqSJzYcxudSACpDBgDbYB8EWwA2JVgsSZBJGpzTL6qzxcN9kGd:1tdQAH:fr9f_DunMcju-nMGMkvcoDIOGPaBclXGoZTSwCRNock",
        "expire_date": "2025-02-13T08:44:45.474Z"
    }
},
{
    "model": "sessions.session",
    "pk": "g1ikb26d3pult6vednhjyfm7gztpwneh",
    "fields": {
        "session_data": ".eJxVzDsOwyAQRdG9UAcEgxlwyvRZgzUwQ5yPbMmfKsreY0sukvqd-96qo3Xpu3WWqbuzOqsgFjjFoNtIXjdcnM4YvJZAnmpmsFbU6TfLVJ4y7C0_aLiNpozDMt2z2Yk51tlcR5bX5bB_Bz3N_VZbKAjeYUUqSJzYcxudSACpDBgDbYB8EWwA2JVgsSZBJGpzTL6qzxcN9kGd:1tbFq0:3BYwt5SvlZdoBo5YFMctQtGH4TNPy6aDtrPh4Eyd9xA",
        "expire_date": "2025-02-07T09:18:52.208Z"
    }
},
{
    "model": "sessions.session",
    "pk": "jaehzcc6cpxsn13xahdjy7iir3r7oqa2",
    "fields": {
        "session_data": ".eJxVzDsOwyAQRdG9UAcEgxlwyvRZgzUwQ5yPbMmfKsreY0sukvqd-96qo3Xpu3WWqbuzOqsgFjjFoNtIXjdcnM4YvJZAnmpmsFbU6TfLVJ4y7C0_aLiNpozDMt2z2Yk51tlcR5bX5bB_Bz3N_VZbKAjeYUUqSJzYcxudSACpDBgDbYB8EWwA2JVgsSZBJGpzTL6qzxcN9kGd:1tn8fX:UvOvM3P8U1JDeUUW054wgodklIVb2Q8NjDKmAJca3OQ",
        "expire_date": "2025-03-12T04:05:11.998Z"
    }
},
{
    "model": "sessions.session",
    "pk": "kosvnpu44vs3omob3ghe2lw76dlrk4nn",
    "fields": {
        "session_data": ".eJxVzDsOwyAQRdG9UAcEgxlwyvRZgzUwQ5yPbMmfKsreY0sukvqd-96qo3Xpu3WWqbuzOqsgFjjFoNtIXjdcnM4YvJZAnmpmsFbU6TfLVJ4y7C0_aLiNpozDMt2z2Yk51tlcR5bX5bB_Bz3N_VZbKAjeYUUqSJzYcxudSACpDBgDbYB8EWwA2JVgsSZBJGpzTL6qzxcN9kGd:1toiFF:FbaLwunEeZJ21wxYs6JwVtYe-geyn6sqESfUKxuqv9k",
        "expire_date": "2025-03-16T12:16:33.113Z"
    }
},
{
    "model": "sessions.session",
    "pk": "kr9spxdu0thi2hqop8zz23smi0gvks8y",
    "fields": {
        "session_data": ".eJxVzDsOwyAQRdG9UAcEgxlwyvRZgzUwQ5yPbMmfKsreY0sukvqd-96qo3Xpu3WWqbuzOqsgFjjFoNtIXjdcnM4YvJZAnmpmsFbU6TfLVJ4y7C0_aLiNpozDMt2z2Yk51tlcR5bX5bB_Bz3N_VZbKAjeYUUqSJzYcxudSACpDBgDbYB8EWwA2JVgsSZBJGpzTL6qzxcN9kGd:1tfcQW:BvNM1PRarbvC83qsu0rLD9A4ya5BobkVlvBV7OxX_UA",
        "expire_date": "2025-02-19T10:14:36.881Z"
    }
},
{
    "model": "sessions.session",
    "pk": "nthy33nu2m2g539hptb1dddv9fi3vaqr",
    "fields": {
        "session_data": ".eJxVzDsOwyAQRdG9UAcEgxlwyvRZgzUwQ5yPbMmfKsreY0sukvqd-96qo3Xpu3WWqbuzOqsgFjjFoNtIXjdcnM4YvJZAnmpmsFbU6TfLVJ4y7C0_aLiNpozDMt2z2Yk51tlcR5bX5bB_Bz3N_VZbKAjeYUUqSJzYcxudSACpDBgDbYB8EWwA2JVgsSZBJGpzTL6qzxcN9kGd:1td0TO:ao4TwbtE00RndJYpRWw0DrWd7umgrO_Wbj4A9X-CkDU",
        "expire_date": "2025-02-12T05:18:46.925Z"
    }
},
{
    "model": "sessions.session",
    "pk": "ojt0gxy82mra5sbkj55fu1kkcwdk4fqe",
    "fields": {
        "session_data": ".eJxVzDsOwyAQRdG9UAcEgxlwyvRZgzUwQ5yPbMmfKsreY0sukvqd-96qo3Xpu3WWqbuzOqsgFjjFoNtIXjdcnM4YvJZAnmpmsFbU6TfLVJ4y7C0_aLiNpozDMt2z2Yk51tlcR5bX5bB_Bz3N_VZbKAjeYUUqSJzYcxudSACpDBgDbYB8EWwA2JVgsSZBJGpzTL6qzxcN9kGd:1toEo5:8FSsndi5-LMHekMxnexW5X4u71jtavqT7BXhmackVE0",
        "expire_date": "2025-03-15T04:50:33.792Z"
    }
},
{
    "model": "sessions.session",
    "pk": "pz77lk4maq6w02nuktq8s7053k91bezo",
    "fields": {
        "session_data": ".eJxVzDsOwyAQRdG9UAcEgxlwyvRZgzUwQ5yPbMmfKsreY0sukvqd-96qo3Xpu3WWqbuzOqsgFjjFoNtIXjdcnM4YvJZAnmpmsFbU6TfLVJ4y7C0_aLiNpozDMt2z2Yk51tlcR5bX5bB_Bz3N_VZbKAjeYUUqSJzYcxudSACpDBgDbYB8EWwA2JVgsSZBJGpzTL6qzxcN9kGd:1tjuqg:NCvqcSoCJAaXOOy0Z9lele1Q5EnUyNxbpG107ydhQnY",
        "expire_date": "2025-03-03T06:43:22.111Z"
    }
},
{
    "model": "sessions.session",
    "pk": "qmp17xokn5devx9q5mkwj1uecgoh4cn9",
    "fields": {
        "session_data": ".eJxVzDsOwyAQRdG9UAcEgxlwyvRZgzUwQ5yPbMmfKsreY0sukvqd-96qo3Xpu3WWqbuzOqsgFjjFoNtIXjdcnM4YvJZAnmpmsFbU6TfLVJ4y7C0_aLiNpozDMt2z2Yk51tlcR5bX5bB_Bz3N_VZbKAjeYUUqSJzYcxudSACpDBgDbYB8EWwA2JVgsSZBJGpzTL6qzxcN9kGd:1tlLQn:c3gt_QBqjtFnvOSmdhbW-r_K74jYhDMRZRrM0XgLsB0",
        "expire_date": "2025-03-07T05:18:33.195Z"
    }
},
{
    "model": "sessions.session",
    "pk": "rqm0m2pqpnr8gay2qz6uryez2277428r",
    "fields": {
        "session_data": ".eJxVzDsOwyAQRdG9UAcEgxlwyvRZgzUwQ5yPbMmfKsreY0sukvqd-96qo3Xpu3WWqbuzOqsgFjjFoNtIXjdcnM4YvJZAnmpmsFbU6TfLVJ4y7C0_aLiNpozDMt2z2Yk51tlcR5bX5bB_Bz3N_VZbKAjeYUUqSJzYcxudSACpDBgDbYB8EWwA2JVgsSZBJGpzTL6qzxcN9kGd:1teT5y:Zzeub4EKbHI1xGFNNuB-HU1SqZP7rH_2CvkjwZuweAk",
        "expire_date": "2025-02-16T06:04:38.581Z"
    }
},
{
    "model": "sessions.session",
    "pk": "shvu3aqji9jwskk4c8mk2qbg71krna3b",
    "fields": {
        "session_data": ".eJxVzDsOwyAQRdG9UAcEgxlwyvRZgzUwQ5yPbMmfKsreY0sukvqd-96qo3Xpu3WWqbuzOqsgFjjFoNtIXjdcnM4YvJZAnmpmsFbU6TfLVJ4y7C0_aLiNpozDMt2z2Yk51tlcR5bX5bB_Bz3N_VZbKAjeYUUqSJzYcxudSACpDBgDbYB8EWwA2JVgsSZBJGpzTL6qzxcN9kGd:1tmQLi:Bf5sQnYWVG4bEVf60Qi6v-7UburNv7eCJmIMA9yE8bw",
        "expire_date": "2025-03-10T04:45:46.067Z"
    }
},
{
    "model": "sessions.session",
    "pk": "udoc61j8y51gawd8ii373yxlu7c4t3xm",
    "fields": {
        "session_data": ".eJxVzDsOwyAQRdG9UAcEgxlwyvRZgzUwQ5yPbMmfKsreY0sukvqd-96qo3Xpu3WWqbuzOqsgFjjFoNtIXjdcnM4YvJZAnmpmsFbU6TfLVJ4y7C0_aLiNpozDMt2z2Yk51tlcR5bX5bB_Bz3N_VZbKAjeYUUqSJzYcxudSACpDBgDbYB8EWwA2JVgsSZBJGpzTL6qzxcN9kGd:1toiF7:pt4LPv9m90yXY6waBy8-vbIDhqrO_wnwyXh5yYr1z9g",
        "expire_date": "2025-03-16T12:16:25.162Z"
    }
},
{
    "model": "sessions.session",
    "pk": "vcluok9o0n0qxvqtlzxsqwne6nlfdbsd",
    "fields": {
        "session_data": ".eJxVzDsOwyAQRdG9UAcEgxlwyvRZgzUwQ5yPbMmfKsreY0sukvqd-96qo3Xpu3WWqbuzOqsgFjjFoNtIXjdcnM4YvJZAnmpmsFbU6TfLVJ4y7C0_aLiNpozDMt2z2Yk51tlcR5bX5bB_Bz3N_VZbKAjeYUUqSJzYcxudSACpDBgDbYB8EWwA2JVgsSZBJGpzTL6qzxcN9kGd:1tfZID:jXvmAw5WSqnYuRAnXwM5_2db8IOppdIe6SbL56lP_dw",
        "expire_date": "2025-02-19T06:53:49.280Z"
    }
},
{
    "model": "sessions.session",
    "pk": "wn4uxjyfx1tk30xpeax4hy5jj3jdnijr",
    "fields": {
        "session_data": ".eJxVzDsOwyAQRdG9UAcEgxlwyvRZgzUwQ5yPbMmfKsreY0sukvqd-96qo3Xpu3WWqbuzOqsgFjjFoNtIXjdcnM4YvJZAnmpmsFbU6TfLVJ4y7C0_aLiNpozDMt2z2Yk51tlcR5bX5bB_Bz3N_VZbKAjeYUUqSJzYcxudSACpDBgDbYB8EWwA2JVgsSZBJGpzTL6qzxcN9kGd:1tjWBz:vxlFsGo4knwzNPH6q84M_cD7_qncYEro_Q3GoQizqZo",
        "expire_date": "2025-03-02T04:23:43.243Z"
    }
},
{
    "model": "sessions.session",
    "pk": "x5yc0sqvvfkrehlokmjbhqz1dde5yz3t",
    "fields": {
        "session_data": ".eJxVzDsOwyAQRdG9UAcEgxlwyvRZgzUwQ5yPbMmfKsreY0sukvqd-96qo3Xpu3WWqbuzOqsgFjjFoNtIXjdcnM4YvJZAnmpmsFbU6TfLVJ4y7C0_aLiNpozDMt2z2Yk51tlcR5bX5bB_Bz3N_VZbKAjeYUUqSJzYcxudSACpDBgDbYB8EWwA2JVgsSZBJGpzTL6qzxcN9kGd:1tbEdJ:49G4jECrM-q8NS3Aer8qEklI5exln1bEDT6ZkNU1oTY",
        "expire_date": "2025-02-07T08:01:41.431Z"
    }
},
{
    "model": "sessions.session",
    "pk": "ykl33rmzlr6uk0ta6dc8n2cyu5kt1tpo",
    "fields": {
        "session_data": ".eJxVzDsOwyAQRdG9UAcEgxlwyvRZgzUwQ5yPbMmfKsreY0sukvqd-96qo3Xpu3WWqbuzOqsgFjjFoNtIXjdcnM4YvJZAnmpmsFbU6TfLVJ4y7C0_aLiNpozDMt2z2Yk51tlcR5bX5bB_Bz3N_VZbKAjeYUUqSJzYcxudSACpDBgDbYB8EWwA2JVgsSZBJGpzTL6qzxcN9kGd:1toiFE:3XWFoVKM7M3f1Tisef4Svi6wwYZ8bOkM-bWwGthpxGI",
        "expire_date": "2025-03-16T12:16:32.861Z"
    }
},
{
    "model": "sessions.session",
    "pk": "z16uopd1yxjph4ghwhyu5oderta7lbbz",
    "fields": {
        "session_data": ".eJxVzDsOwyAQRdG9UAcEgxlwyvRZgzUwQ5yPbMmfKsreY0sukvqd-96qo3Xpu3WWqbuzOqsgFjjFoNtIXjdcnM4YvJZAnmpmsFbU6TfLVJ4y7C0_aLiNpozDMt2z2Yk51tlcR5bX5bB_Bz3N_VZbKAjeYUUqSJzYcxudSACpDBgDbYB8EWwA2JVgsSZBJGpzTL6qzxcN9kGd:1tmQL8:JjlJMnR0D7AXYghYJ7S5wMNp1ucUfq4geMuE91q6bDM",
        "expire_date": "2025-03-10T04:45:10.602Z"
    }
},
{
    "model": "country.country",
    "pk": 1,
    "fields": {
        "country_name": "Nepal",
        "country_code": "NP",
        "currency": 1
    }
},
{
    "model": "country.country",
    "pk": 2,
    "fields": {
        "country_name": "Sweden",
        "country_code": "SE",
        "currency": 2
    }
},
{
    "model": "country.city",
    "pk": "0667a311-36b5-43fc-8beb-d9f1614e19d0",
    "fields": {
        "city_name": "Pokhara",
        "country": 1,
        "image": "image/upload/v1739859887/nw31frjgphgo2wodwmvn.jpg"
    }
},
{
    "model": "country.city",
    "pk": "09cb3ba1-c923-4ba7-bff7-a39ae9591ac0",
    "fields": {
        "city_name": "Stockholm",
        "country": 2,
        "image": "image/upload/v1739860122/zmw5k3qkyo4ywt4kddsy.jpg"
    }
},
{
    "model": "country.city",
    "pk": "0feb7f23-5375-4635-b33f-926a6dce74cf",
    "fields": {
        "city_name": "Gothenburg",
        "country": 2,
        "image": "image/upload/v1739860100/qqonculaqpqnmo8bvuju.jpg"
    }
},
{
    "model": "country.city",
    "pk": "1aa32e6a-fbbe-451e-bc9d-d5f3d36265da",
    "fields": {
        "city_name": "Bharatpur",
        "country": 1,
        "image": "image/upload/v1739860076/uxssgwaijezpmfrspmkn.jpg"
    }
},
{
    "model": "country.city",
    "pk": "4ea10008-181a-461c-b0cd-955fd746319f",
    "fields": {
        "city_name": "Örebro",
        "country": 2,
        "image": "image/upload/v1739860053/vwullsvpdnyo6pe8x85y.jpg"
    }
},
{
    "model": "country.city",
    "pk": "784ed73e-7d1b-4e8d-b0ca-f21e76b35701",
    "fields": {
        "city_name": "Biratnagar",
        "country": 1,
        "image": "image/upload/v1739860036/iqts66wyqmdmftyngvbi.jpg"
    }
},
{
    "model": "country.city",
    "pk": "a98dd4b7-a810-4757-8733-1d7f3bd1c46b",
    "fields": {
        "city_name": "Birgunj",
        "country": 1,
        "image": "image/upload/v1739860014/dnw8zawzi0wrihth7dc8.jpg"
    }
},
{
    "model": "country.city",
    "pk": "ad29ee6c-5ff4-4b79-8639-4f98c1aec57b",
    "fields": {
        "city_name": "Uppsala",
        "country": 2,
        "image": "image/upload/v1739859992/jec2fukrmhxtiatjecxi.jpg"
    }
},
{
    "model": "country.city",
    "pk": "b95a03f7-c208-4269-a84b-918684b05ef1",
    "fields": {
        "city_name": "Lalitpur",
        "country": 1,
        "image": "image/upload/v1739859966/gluk4eoahgad0yojzu1i.jpg"
    }
},
{
    "model": "country.city",
    "pk": "dabda5c0-036d-4190-8e28-f44a639fcb26",
    "fields": {
        "city_name": "Västerås",
        "country": 2,
        "image": "image/upload/v1739859947/z6tkjlgvhpcndytakf25.jpg"
    }
},
{
    "model": "country.city",
    "pk": "e4401256-b090-42b2-9b62-136ce541a16e",
    "fields": {
        "city_name": "Malmö",
        "country": 2,
        "image": "image/upload/v1739859923/g3jripwx8lmuanjxuktw.jpg"
    }
},
{
    "model": "country.city",
    "pk": "e74319c8-a479-4dd3-800b-ca4ba8f5fa2b",
    "fields": {
        "city_name": "Kathmandu",
        "country": 1,
        "image": "image/upload/v1739859904/ytyvqanmv0scgye1msme.jpg"
    }
},
{
    "model": "currency.currency",
    "pk": 1,
    "fields": {
        "currency_name": "Rupees",
        "currency_code": "NPR",
        "currency_symbol": "Rs"
    }
},
{
    "model": "currency.currency",
    "pk": 2,
    "fields": {
        "currency_name": "Swedish Krona",
        "currency_code": "SEK",
        "currency_symbol": "SEK"
    }
},
{
    "model": "faq.propertyfaq",
    "pk": "1c36a716-4798-4241-8471-f528ac6b6347",
    "fields": {
        "created_at": "2025-02-23T05:40:50.762Z",
        "updated_at": "2025-02-23T05:40:50.762Z",
        "property": "d67e4c88-dea8-448d-b662-c9ec41c69edd",
        "question_text": "What kind of rooms can I book in Majestic Lake Front?",
        "parent": null,
        "user": "1c44dcc8-d794-47ec-9ce7-4eeed71348dc"
    }
},
{
    "model": "faq.propertyfaq",
    "pk": "6d73019f-d20e-4c14-99bc-9a1031bb4755",
    "fields": {
        "created_at": "2025-02-23T05:39:56.505Z",
        "updated_at": "2025-02-23T05:39:56.505Z",
        "property": "d67e4c88-dea8-448d-b662-c9ec41c69edd",
        "question_text": "Guests staying at Majestic Lake Front Hotel & Suites can enjoy a highly-rated breakfast during their stay (guest review score: 8.0).\r\n\r\nBreakfast option(s) include:\r\n\r\nContinental\r\nAsian\r\nAmerican",
        "parent": "7e64009e-b564-49e0-b252-9aec7e4d2898",
        "user": "1c44dcc8-d794-47ec-9ce7-4eeed71348dc"
    }
},
{
    "model": "faq.propertyfaq",
    "pk": "7e64009e-b564-49e0-b252-9aec7e4d2898",
    "fields": {
        "created_at": "2025-02-23T05:39:13.966Z",
        "updated_at": "2025-02-23T05:39:13.966Z",
        "property": "d67e4c88-dea8-448d-b662-c9ec41c69edd",
        "question_text": "What Kind of Breakfast is served here?",
        "parent": null,
        "user": "1c44dcc8-d794-47ec-9ce7-4eeed71348dc"
    }
},
{
    "model": "faq.propertyfaq",
    "pk": "f978cfc1-d667-4abe-9822-4562e686ffa6",
    "fields": {
        "created_at": "2025-02-23T05:41:27.721Z",
        "updated_at": "2025-02-23T05:41:27.721Z",
        "property": "d67e4c88-dea8-448d-b662-c9ec41c69edd",
        "question_text": "Room options at Majestic Lake Front Hotel & Suites include:\r\n\r\nDouble\r\nTwin\r\nFamily\r\nSuite",
        "parent": "1c36a716-4798-4241-8471-f528ac6b6347",
        "user": "1c44dcc8-d794-47ec-9ce7-4eeed71348dc"
    }
},
{
    "model": "faq.morelivingfaq",
    "pk": "311a0649-03fd-48ae-8c47-e5614afd6b63",
    "fields": {
        "created_at": "2025-02-04T05:09:57.715Z",
        "updated_at": "2025-02-04T05:09:57.715Z",
        "question_text": "MoreLiving is a hotel booking platform.",
        "parent": "3b8c2c8a-163b-4b78-a3f6-f47015f4e9fc",
        "user": "5e02d875-97a3-4dc1-b653-e5a3afbd200e"
    }
},
{
    "model": "faq.morelivingfaq",
    "pk": "3b8c2c8a-163b-4b78-a3f6-f47015f4e9fc",
    "fields": {
        "created_at": "2025-02-04T05:09:31.203Z",
        "updated_at": "2025-02-04T05:09:31.203Z",
        "question_text": "What is MoreLiving",
        "parent": null,
        "user": "5e02d875-97a3-4dc1-b653-e5a3afbd200e"
    }
},
{
    "model": "property.propertycategory",
    "pk": "18f79831-3ebf-4d72-b1bc-735c6636ed55",
    "fields": {
        "category_name": "Hotel",
        "description": "<p style=\"text-align:center\"><strong>Hotel</strong></p>\r\n\r\n<p>A&nbsp;<strong>hotel</strong>&nbsp;is an establishment that provides paid&nbsp;<a href=\"https://en.wikipedia.org/wiki/Lodging\" title=\"Lodging\">lodging</a>&nbsp;on a short-term basis. Facilities provided inside a hotel room may range from a modest-quality mattress in a small room to large&nbsp;<a href=\"https://en.wikipedia.org/wiki/Suite_(hotel)\" title=\"Suite (hotel)\">suites</a>&nbsp;with bigger, higher-quality beds, a dresser, a&nbsp;<a href=\"https://en.wikipedia.org/wiki/Refrigerator\" title=\"Refrigerator\">refrigerator</a>, and other kitchen facilities,&nbsp;<a href=\"https://en.wikipedia.org/wiki/Upholster\" title=\"Upholster\">upholstered</a>&nbsp;chairs, a television, and&nbsp;<a href=\"https://en.wikipedia.org/wiki/En-suite\" title=\"En-suite\">en-suite bathrooms</a>.</p>",
        "image": "image/upload/v1737707019/gamcq8epdmbnbjq6fdjd.jpg"
    }
},
{
    "model": "property.propertycategory",
    "pk": "3130182b-ecfe-4e34-904d-3e4a21a503c7",
    "fields": {
        "category_name": "Glamping And Campign",
        "description": "<p>Glamping is a more luxurious and comfortable form of camping.&nbsp;Glamping accommodations are fully set up and may include amenities like electricity, bathrooms, and meals.&nbsp;Camping is more rustic, often involving setting up a tent and sleeping in a sleeping bag.&nbsp;</p>",
        "image": "image/upload/v1739085769/kmjlmspbcfp0ib97gsgn.jpg"
    }
},
{
    "model": "property.propertycategory",
    "pk": "4da3df3b-5a03-49ce-beec-fd828e18199c",
    "fields": {
        "category_name": "Lodge",
        "description": null,
        "image": null
    }
},
{
    "model": "property.propertycategory",
    "pk": "51ffbb8b-bc5e-43ff-9796-28eca534209f",
    "fields": {
        "category_name": "Cottage",
        "description": "cottage",
        "image": "image/upload/v1737887211/csjj52ve43ticyvwwvfv.jpg"
    }
},
{
    "model": "property.propertycategory",
    "pk": "96ac58c5-35a0-4ac4-baad-1ee1086e9d6e",
    "fields": {
        "category_name": "Resort",
        "description": null,
        "image": null
    }
},
{
    "model": "property.propertycategory",
    "pk": "be049fa2-d57d-45a1-8916-b4466008fad4",
    "fields": {
        "category_name": "Villa",
        "description": "villa",
        "image": "image/upload/v1737887194/shjr0oax6qkgrda9zvsi.jpg"
    }
},
{
    "model": "property.propertycategory",
    "pk": "c0fa688a-b023-4bb6-b8b7-467ffe79ce81",
    "fields": {
        "category_name": "Apartment",
        "description": "apart",
        "image": "image/upload/v1737887178/pelu41hbnr7vfln2wsfi.jpg"
    }
},
{
    "model": "property.property",
    "pk": "173f2477-adfa-491c-a776-82fde2a6f549",
    "fields": {
        "property_name": "Waterfront Resort",
        "is_single_unit": false,
        "description": "A beautiful hotel with excellent facilities.",
        "star_rating_property": 3,
        "country": 1,
        "currency": 1,
        "address": "Lakeside, Pokhara",
        "city": "0667a311-36b5-43fc-8beb-d9f1614e19d0",
        "state": "Gandaki",
        "lng": "83.958500",
        "lat": "28.218300",
        "updated_at": "2025-03-02T06:44:11.377Z",
        "user": "ec35016d-f76a-4ac8-ac3a-558793da1acd",
        "category": "4da3df3b-5a03-49ce-beec-fd828e18199c",
        "language": "English",
        "slug": "waterfront-resort"
    }
},
{
    "model": "property.property",
    "pk": "39c32a3a-b701-4537-acfb-3e7c9b2ccd50",
    "fields": {
        "property_name": "Hotel Barahi",
        "is_single_unit": false,
        "description": "A luxurious stay with lake views.",
        "star_rating_property": 5,
        "country": 1,
        "currency": 1,
        "address": "Lakeside, Pokhara",
        "city": "0667a311-36b5-43fc-8beb-d9f1614e19d0",
        "state": "Gandaki",
        "lng": "83.961100",
        "lat": "28.209600",
        "updated_at": "2025-03-02T06:44:11.376Z",
        "user": "bc26fd8f-9faa-4784-94f9-54265a6dec48",
        "category": "18f79831-3ebf-4d72-b1bc-735c6636ed55",
        "language": "English",
        "slug": "hotel-barahi"
    }
},
{
    "model": "property.property",
    "pk": "4929ab9f-51d9-43af-9644-13757b5fd367",
    "fields": {
        "property_name": "Raniban Retreat",
        "is_single_unit": false,
        "description": "A beautiful resort with excellent facilities.",
        "star_rating_property": 4,
        "country": 1,
        "currency": 1,
        "address": "Lakeside, Pokhara",
        "city": "0667a311-36b5-43fc-8beb-d9f1614e19d0",
        "state": "Gandaki",
        "lng": "83.964300",
        "lat": "28.218100",
        "updated_at": "2025-03-02T06:44:11.377Z",
        "user": "a8dc6365-9298-4e66-8b06-b201a04664cf",
        "category": "96ac58c5-35a0-4ac4-baad-1ee1086e9d6e",
        "language": "English",
        "slug": "raniban-retreat"
    }
},
{
    "model": "property.property",
    "pk": "4a853b3a-59b6-437d-b21c-e778d7896000",
    "fields": {
        "property_name": "Himalayan Front Hotel",
        "is_single_unit": false,
        "description": "A beautiful resort with excellent facilities.",
        "star_rating_property": 4,
        "country": 1,
        "currency": 1,
        "address": "Lakeside, Pokhara",
        "city": "0667a311-36b5-43fc-8beb-d9f1614e19d0",
        "state": "Gandaki",
        "lng": "83.956600",
        "lat": "28.200500",
        "updated_at": "2025-03-02T06:44:11.377Z",
        "user": "52574c1f-b052-4ed0-b7c5-8f3b02b3bed2",
        "category": "18f79831-3ebf-4d72-b1bc-735c6636ed55",
        "language": "English",
        "slug": "himalayan-front-hotel"
    }
},
{
    "model": "property.property",
    "pk": "545fd787-7de8-4428-ba3c-d6212012cf49",
    "fields": {
        "property_name": "Hotel White Pearl",
        "is_single_unit": false,
        "description": "A beautiful lodge with excellent facilities.",
        "star_rating_property": 3,
        "country": 1,
        "currency": 1,
        "address": "Lakeside, Pokhara",
        "city": "0667a311-36b5-43fc-8beb-d9f1614e19d0",
        "state": "Gandaki",
        "lng": "83.955600",
        "lat": "28.218500",
        "updated_at": "2025-03-02T06:44:11.377Z",
        "user": "52574c1f-b052-4ed0-b7c5-8f3b02b3bed2",
        "category": "4da3df3b-5a03-49ce-beec-fd828e18199c",
        "language": "English",
        "slug": "hotel-white-pearl"
    }
},
{
    "model": "property.property",
    "pk": "59135a0a-23a2-4f32-9276-6077255243b2",
    "fields": {
        "property_name": "Lake View Resort",
        "is_single_unit": false,
        "description": "A beautiful lodge with excellent facilities.",
        "star_rating_property": 5,
        "country": 1,
        "currency": 1,
        "address": "Lakeside, Pokhara",
        "city": "0667a311-36b5-43fc-8beb-d9f1614e19d0",
        "state": "Gandaki",
        "lng": "83.959300",
        "lat": "28.203700",
        "updated_at": "2025-03-02T06:44:11.377Z",
        "user": "b06301f8-b918-4abe-bab6-fab1d3a16fac",
        "category": "4da3df3b-5a03-49ce-beec-fd828e18199c",
        "language": "English",
        "slug": "lake-view-resort"
    }
},
{
    "model": "property.property",
    "pk": "61083490-70bc-49e4-8586-25ae230e2f61",
    "fields": {
        "property_name": "Hotel Matina Suites",
        "is_single_unit": false,
        "description": "Situated in Pokhara, 800 metres from Pokhara Lakeside, Hotel Matina Suites features accommodation with a garden, free private parking, a terrace and a restaurant. Among the facilities at this property are room service and a 24-hour front desk, along with free WiFi throughout the property. The property is non-smoking and is located less than 1 km from Fewa Lake.\r\n\r\nA buffet, à la carte or continental breakfast is available at the property.\r\n\r\nDevi's Falls is 5.2 km from the hotel, while World Peace Pagoda is 10 km from the property. Pokhara Airport is 3 km away.\r\n\r\nCouples particularly like the superb location — they rated it 9.3 for a two-person trip.",
        "star_rating_property": 5,
        "country": 1,
        "currency": 1,
        "address": "Street No 17 Lakeside, 33700 Pokhara, Nepal",
        "city": "0667a311-36b5-43fc-8beb-d9f1614e19d0",
        "state": "Gandaki",
        "lng": "28.212780",
        "lat": "83.959287",
        "updated_at": "2025-02-23T06:33:16.475Z",
        "user": "5e02d875-97a3-4dc1-b653-e5a3afbd200e",
        "category": "18f79831-3ebf-4d72-b1bc-735c6636ed55",
        "language": "English",
        "slug": "matina-suites-pokhara"
    }
},
{
    "model": "property.property",
    "pk": "66f700c4-d584-4589-8f3f-6780ffb456c4",
    "fields": {
        "property_name": "Dahlia Boutique Hotel",
        "is_single_unit": false,
        "description": "A beautiful hotel with excellent facilities.",
        "star_rating_property": 4,
        "country": 1,
        "currency": 1,
        "address": "Lakeside, Pokhara",
        "city": "0667a311-36b5-43fc-8beb-d9f1614e19d0",
        "state": "Gandaki",
        "lng": "83.950700",
        "lat": "28.211400",
        "updated_at": "2025-03-02T06:44:11.377Z",
        "user": "ad3c8ba3-4153-4c47-bc1b-d6a411063f2b",
        "category": "4da3df3b-5a03-49ce-beec-fd828e18199c",
        "language": "English",
        "slug": "dahlia-boutique-hotel"
    }
},
{
    "model": "property.property",
    "pk": "687ec3ec-653f-4f4b-901c-74053caec362",
    "fields": {
        "property_name": "Hotel Kuti Resort",
        "is_single_unit": false,
        "description": "A beautiful lodge with excellent facilities.",
        "star_rating_property": 5,
        "country": 1,
        "currency": 1,
        "address": "Lakeside, Pokhara",
        "city": "0667a311-36b5-43fc-8beb-d9f1614e19d0",
        "state": "Gandaki",
        "lng": "83.958000",
        "lat": "28.219300",
        "updated_at": "2025-03-02T06:44:11.377Z",
        "user": "b06301f8-b918-4abe-bab6-fab1d3a16fac",
        "category": "18f79831-3ebf-4d72-b1bc-735c6636ed55",
        "language": "English",
        "slug": "hotel-kuti-resort"
    }
},
{
    "model": "property.property",
    "pk": "6be9ad64-4e97-4e11-8be2-daf57cecbee2",
    "fields": {
        "property_name": "Hotel Mount View",
        "is_single_unit": false,
        "description": "A beautiful lodge with excellent facilities.",
        "star_rating_property": 3,
        "country": 1,
        "currency": 1,
        "address": "Lakeside, Pokhara",
        "city": "0667a311-36b5-43fc-8beb-d9f1614e19d0",
        "state": "Gandaki",
        "lng": "83.953300",
        "lat": "28.219900",
        "updated_at": "2025-03-02T06:44:11.377Z",
        "user": "0711a1f3-dcf4-4e04-be5a-aebf2f680872",
        "category": "18f79831-3ebf-4d72-b1bc-735c6636ed55",
        "language": "English",
        "slug": "hotel-mount-view"
    }
},
{
    "model": "property.property",
    "pk": "6de4a41c-7ea6-4d33-8d06-89a011418e76",
    "fields": {
        "property_name": "Swiss International Hotel",
        "is_single_unit": false,
        "description": "A beautiful resort with excellent facilities.",
        "star_rating_property": 3,
        "country": 1,
        "currency": 1,
        "address": "Lakeside, Pokhara",
        "city": "0667a311-36b5-43fc-8beb-d9f1614e19d0",
        "state": "Gandaki",
        "lng": "83.959400",
        "lat": "28.213500",
        "updated_at": "2025-03-02T06:44:11.377Z",
        "user": "b06301f8-b918-4abe-bab6-fab1d3a16fac",
        "category": "4da3df3b-5a03-49ce-beec-fd828e18199c",
        "language": "English",
        "slug": "swiss-international-hotel"
    }
},
{
    "model": "property.property",
    "pk": "7cb5f38e-cda8-4518-985e-75629131726b",
    "fields": {
        "property_name": "Hotel Queens Park",
        "is_single_unit": false,
        "description": "A beautiful hotel with excellent facilities.",
        "star_rating_property": 3,
        "country": 1,
        "currency": 1,
        "address": "Lakeside, Pokhara",
        "city": "0667a311-36b5-43fc-8beb-d9f1614e19d0",
        "state": "Gandaki",
        "lng": "83.955200",
        "lat": "28.205900",
        "updated_at": "2025-03-02T06:44:11.377Z",
        "user": "ec35016d-f76a-4ac8-ac3a-558793da1acd",
        "category": "4da3df3b-5a03-49ce-beec-fd828e18199c",
        "language": "English",
        "slug": "hotel-queens-park"
    }
},
{
    "model": "property.property",
    "pk": "8868ac7b-bed8-4246-9397-efc2ab00e26c",
    "fields": {
        "property_name": "Temple Tree Resort",
        "is_single_unit": false,
        "description": "A beautiful lodge with excellent facilities.",
        "star_rating_property": 4,
        "country": 1,
        "currency": 1,
        "address": "Lakeside, Pokhara",
        "city": "0667a311-36b5-43fc-8beb-d9f1614e19d0",
        "state": "Gandaki",
        "lng": "83.969700",
        "lat": "28.217700",
        "updated_at": "2025-03-02T06:44:11.376Z",
        "user": "dfc28b3a-85ed-46cb-87da-0310d57dda7b",
        "category": "4da3df3b-5a03-49ce-beec-fd828e18199c",
        "language": "English",
        "slug": "temple-tree-resort"
    }
},
{
    "model": "property.property",
    "pk": "8bbf4aaa-0b98-481e-a5c6-bf14abf768dd",
    "fields": {
        "property_name": "Hotel Orchid",
        "is_single_unit": false,
        "description": "A beautiful hotel with excellent facilities.",
        "star_rating_property": 5,
        "country": 1,
        "currency": 1,
        "address": "Lakeside, Pokhara",
        "city": "0667a311-36b5-43fc-8beb-d9f1614e19d0",
        "state": "Gandaki",
        "lng": "83.955900",
        "lat": "28.200100",
        "updated_at": "2025-03-02T06:44:11.377Z",
        "user": "2c38cfea-ff0f-4809-9ef5-e7ffa01583c6",
        "category": "4da3df3b-5a03-49ce-beec-fd828e18199c",
        "language": "English",
        "slug": "hotel-orchid"
    }
},
{
    "model": "property.property",
    "pk": "90a12fff-daa2-4508-a5c7-1ae6f5f68230",
    "fields": {
        "property_name": "The Pavilions Himalayas",
        "is_single_unit": false,
        "description": "A beautiful resort with excellent facilities.",
        "star_rating_property": 4,
        "country": 1,
        "currency": 1,
        "address": "Lakeside, Pokhara",
        "city": "0667a311-36b5-43fc-8beb-d9f1614e19d0",
        "state": "Gandaki",
        "lng": "83.968100",
        "lat": "28.207900",
        "updated_at": "2025-03-02T06:44:11.377Z",
        "user": "aed90b5f-8a9c-4681-a18d-c44b4f2c44bb",
        "category": "18f79831-3ebf-4d72-b1bc-735c6636ed55",
        "language": "English",
        "slug": "the-pavilions-himalayas"
    }
},
{
    "model": "property.property",
    "pk": "997c673a-fc22-45a3-b9c3-21b0ced0def1",
    "fields": {
        "property_name": "Hotel Peninsula",
        "is_single_unit": false,
        "description": "A beautiful lodge with excellent facilities.",
        "star_rating_property": 4,
        "country": 1,
        "currency": 1,
        "address": "Lakeside, Pokhara",
        "city": "0667a311-36b5-43fc-8beb-d9f1614e19d0",
        "state": "Gandaki",
        "lng": "83.959800",
        "lat": "28.218500",
        "updated_at": "2025-03-02T06:44:11.377Z",
        "user": "52574c1f-b052-4ed0-b7c5-8f3b02b3bed2",
        "category": "4da3df3b-5a03-49ce-beec-fd828e18199c",
        "language": "English",
        "slug": "hotel-peninsula"
    }
},
{
    "model": "property.property",
    "pk": "bc3234bd-0979-488e-8cb7-fb9a83eba4dd",
    "fields": {
        "property_name": "Hotel Middle Path",
        "is_single_unit": false,
        "description": "A beautiful lodge with excellent facilities.",
        "star_rating_property": 4,
        "country": 1,
        "currency": 1,
        "address": "Lakeside, Pokhara",
        "city": "0667a311-36b5-43fc-8beb-d9f1614e19d0",
        "state": "Gandaki",
        "lng": "83.963900",
        "lat": "28.214500",
        "updated_at": "2025-03-02T06:44:11.377Z",
        "user": "0711a1f3-dcf4-4e04-be5a-aebf2f680872",
        "category": "4da3df3b-5a03-49ce-beec-fd828e18199c",
        "language": "English",
        "slug": "hotel-middle-path"
    }
},
{
    "model": "property.property",
    "pk": "c7aa8db6-9a29-4b29-a9b3-40c6edf6a6ce",
    "fields": {
        "property_name": "Hotel Asia",
        "is_single_unit": false,
        "description": "A beautiful lodge with excellent facilities.",
        "star_rating_property": 3,
        "country": 1,
        "currency": 1,
        "address": "Lakeside, Pokhara",
        "city": "0667a311-36b5-43fc-8beb-d9f1614e19d0",
        "state": "Gandaki",
        "lng": "83.968900",
        "lat": "28.200600",
        "updated_at": "2025-03-02T06:44:11.377Z",
        "user": "0711a1f3-dcf4-4e04-be5a-aebf2f680872",
        "category": "18f79831-3ebf-4d72-b1bc-735c6636ed55",
        "language": "English",
        "slug": "hotel-asia"
    }
},
{
    "model": "property.property",
    "pk": "cbac6179-f796-4d5f-b7e5-ba56f5e33dde",
    "fields": {
        "property_name": "Hotel Adam",
        "is_single_unit": false,
        "description": "A beautiful lodge with excellent facilities.",
        "star_rating_property": 4,
        "country": 1,
        "currency": 1,
        "address": "Lakeside, Pokhara",
        "city": "0667a311-36b5-43fc-8beb-d9f1614e19d0",
        "state": "Gandaki",
        "lng": "83.950800",
        "lat": "28.218300",
        "updated_at": "2025-03-02T06:44:11.377Z",
        "user": "62a3e7d3-dc22-4ee7-8566-bcc49c35be77",
        "category": "18f79831-3ebf-4d72-b1bc-735c6636ed55",
        "language": "English",
        "slug": "hotel-adam"
    }
},
{
    "model": "property.property",
    "pk": "d67e4c88-dea8-448d-b662-c9ec41c69edd",
    "fields": {
        "property_name": "Majestic Lake Front Hotel & Suites",
        "is_single_unit": false,
        "description": "Located in Pokhara, a 13-minute walk from Pokhara Lakeside, Majestic Lake Front Hotel & Suites has accommodations with an outdoor swimming pool, free private parking, a garden and a shared lounge. Each room at the 4-star hotel has garden views, and guests can enjoy access to a terrace and to a bar. The property provides a 24-hour front desk, airport transportation, room service and free WiFi throughout the property.\r\n\r\nThe rooms in the hotel are equipped with an electric tea pot. All rooms have air conditioning, a safety deposit box and a flat-screen TV, and some rooms at Majestic Lake Front Hotel & Suites have a balcony. All rooms will provide guests with a fridge.\r\n\r\nA continental, American or Asian breakfast is available at the property. At the accommodation you'll find a restaurant serving American, Chinese and British cuisine. Vegetarian, halal and kosher options can also be requested.\r\n\r\nGuests can enjoy the spa and wellness center, organise trips at the tour desk, or rent a car to explore the surroundings.\r\n\r\nPopular points of interest near Majestic Lake Front Hotel & Suites include Fewa Lake, Tal Barahi Temple and Baidam Temple. Pokhara Airport is 2.5 miles from the property.",
        "star_rating_property": 4,
        "country": 1,
        "currency": 1,
        "address": "Baidam Road, 33700 Pokhara, Nepal",
        "city": "0667a311-36b5-43fc-8beb-d9f1614e19d0",
        "state": "Gandaki",
        "lng": "83.955400",
        "lat": "28.217630",
        "updated_at": "2025-02-23T05:36:47.700Z",
        "user": "1c44dcc8-d794-47ec-9ce7-4eeed71348dc",
        "category": "18f79831-3ebf-4d72-b1bc-735c6636ed55",
        "language": "English",
        "slug": "majestic-lake-front-hotel-suites"
    }
},
{
    "model": "property.property",
    "pk": "dcef54b9-6c50-4225-a0c7-0c2b9188b9e6",
    "fields": {
        "property_name": "Pokhara Batika",
        "is_single_unit": false,
        "description": "A beautiful lodge with excellent facilities.",
        "star_rating_property": 4,
        "country": 1,
        "currency": 1,
        "address": "Lakeside, Pokhara",
        "city": "0667a311-36b5-43fc-8beb-d9f1614e19d0",
        "state": "Gandaki",
        "lng": "83.963800",
        "lat": "28.215000",
        "updated_at": "2025-03-02T06:44:11.377Z",
        "user": "b06301f8-b918-4abe-bab6-fab1d3a16fac",
        "category": "4da3df3b-5a03-49ce-beec-fd828e18199c",
        "language": "English",
        "slug": "pokhara-batika"
    }
},
{
    "model": "property.property",
    "pk": "e3960ef5-ef08-4661-9767-2a0e3859c4be",
    "fields": {
        "property_name": "Hotel Misha",
        "is_single_unit": false,
        "description": "At Misha’s Hotel, we are dedicated to providing a comfortable and memorable experience for our guests. With a variety of services including pick-up and drop facilities, personalized tour packages such as trekking, rafting, jungle safaris, and biking tours, we ensure that every guest enjoys a tailored adventure. Our on-site food services offer a range of delicious options, and for those seeking relaxation, we provide yoga and meditation sessions in a serene environment.\r\n\r\nWith two well-equipped apartments and seven cozy rooms, Misha’s Hotel blends comfort with convenience. Whether you’re here for a short getaway or an extended stay, our focus is on delivering exceptional hospitality, making every stay a memorable one.\r\n\r\nExperience a peaceful retreat at Misha's Hotel, Pokhara. Nestled away from the crowd, the hotel offers a homely environment surrounded by picturesque hills. Enjoy serene lake views from the terrace and unwind at the rooftop space, perfect for relaxation. A serene getaway awaits you!",
        "star_rating_property": 1,
        "country": 1,
        "currency": 1,
        "address": "Kathmandu,Pokhari marg",
        "city": "0667a311-36b5-43fc-8beb-d9f1614e19d0",
        "state": "Bagmati",
        "lng": "21.000000",
        "lat": "18.000000",
        "updated_at": "2025-03-02T06:14:15.755Z",
        "user": "1c44dcc8-d794-47ec-9ce7-4eeed71348dc",
        "category": "18f79831-3ebf-4d72-b1bc-735c6636ed55",
        "language": "English",
        "slug": "hotel-mila"
    }
},
{
    "model": "property.property",
    "pk": "fabbed65-5ebf-4f82-8262-ac7e45f1e2a0",
    "fields": {
        "property_name": "Hotel Pokhara Grande",
        "is_single_unit": false,
        "description": "A beautiful lodge with excellent facilities.",
        "star_rating_property": 4,
        "country": 1,
        "currency": 1,
        "address": "Lakeside, Pokhara",
        "city": "0667a311-36b5-43fc-8beb-d9f1614e19d0",
        "state": "Gandaki",
        "lng": "83.969200",
        "lat": "28.210500",
        "updated_at": "2025-03-02T06:44:11.377Z",
        "user": "ad3c8ba3-4153-4c47-bc1b-d6a411063f2b",
        "category": "18f79831-3ebf-4d72-b1bc-735c6636ed55",
        "language": "English",
        "slug": "hotel-pokhara-grande"
    }
},
{
    "model": "property.property",
    "pk": "ffce8ab2-1b5c-4974-aecf-dc27894b27f0",
    "fields": {
        "property_name": "Fish Tail Lodge",
        "is_single_unit": false,
        "description": "A beautiful resort with excellent facilities.",
        "star_rating_property": 5,
        "country": 1,
        "currency": 1,
        "address": "Lakeside, Pokhara",
        "city": "0667a311-36b5-43fc-8beb-d9f1614e19d0",
        "state": "Gandaki",
        "lng": "83.963500",
        "lat": "28.207000",
        "updated_at": "2025-03-02T09:39:35.326Z",
        "user": "aed90b5f-8a9c-4681-a18d-c44b4f2c44bb",
        "category": "4da3df3b-5a03-49ce-beec-fd828e18199c",
        "language": "English",
        "slug": "fish-tail-lodge"
    }
},
{
    "model": "property.breakfastinfo",
    "pk": 2,
    "fields": {
        "property": "e3960ef5-ef08-4661-9767-2a0e3859c4be",
        "serve_breakfast": true,
        "breakfast_included": true,
        "breakfast_type": [
            "continental",
            "american",
            "local"
        ],
        "extra_cost": null
    }
},
{
    "model": "property.breakfastinfo",
    "pk": 3,
    "fields": {
        "property": "d67e4c88-dea8-448d-b662-c9ec41c69edd",
        "serve_breakfast": true,
        "breakfast_included": true,
        "breakfast_type": [
            "Continental",
            "Asian",
            " American"
        ],
        "extra_cost": null
    }
},
{
    "model": "property.breakfastinfo",
    "pk": 4,
    "fields": {
        "property": "61083490-70bc-49e4-8586-25ae230e2f61",
        "serve_breakfast": true,
        "breakfast_included": true,
        "breakfast_type": [
            "Continental",
            "Vegetarian",
            "Vegan",
            "Asian",
            "American",
            "Buffet"
        ],
        "extra_cost": null
    }
},
{
    "model": "property.parkinginfo",
    "pk": "42d1e9a6-5e5f-4e72-a7e4-5024496b7e62",
    "fields": {
        "property": "61083490-70bc-49e4-8586-25ae230e2f61",
        "parking_availability": "free",
        "parking_price": null,
        "reservation_required": false,
        "parking_location": "onsite",
        "parking_access": "private"
    }
},
{
    "model": "property.parkinginfo",
    "pk": "6cddced8-cd33-48b2-9c8e-0d6184ab54c3",
    "fields": {
        "property": "d67e4c88-dea8-448d-b662-c9ec41c69edd",
        "parking_availability": "free",
        "parking_price": null,
        "reservation_required": false,
        "parking_location": "onsite",
        "parking_access": "private"
    }
},
{
    "model": "property.propertyimage",
    "pk": "0e9ce617-6115-418d-a8b8-a2792ef5acc0",
    "fields": {
        "image": "image/upload/image2.jpg",
        "property": "6be9ad64-4e97-4e11-8be2-daf57cecbee2"
    }
},
{
    "model": "property.propertyimage",
    "pk": "14a55b4c-16fe-4a4b-89bf-505fdb0d44c1",
    "fields": {
        "image": "image/upload/image2.jpg",
        "property": "59135a0a-23a2-4f32-9276-6077255243b2"
    }
},
{
    "model": "property.propertyimage",
    "pk": "15c7dff4-b23b-4572-89a4-d61fca83c036",
    "fields": {
        "image": "image/upload/image2.jpg",
        "property": "66f700c4-d584-4589-8f3f-6780ffb456c4"
    }
},
{
    "model": "property.propertyimage",
    "pk": "15cb6b64-a6e1-4a29-87f7-4c08f20b486f",
    "fields": {
        "image": "image/upload/image1.jpg",
        "property": "8bbf4aaa-0b98-481e-a5c6-bf14abf768dd"
    }
},
{
    "model": "property.propertyimage",
    "pk": "1621b3e0-8071-4a09-89e7-0a5b6a7253fe",
    "fields": {
        "image": "image/upload/image2.jpg",
        "property": "fabbed65-5ebf-4f82-8262-ac7e45f1e2a0"
    }
},
{
    "model": "property.propertyimage",
    "pk": "1ba5daba-2b9c-440f-8724-35b3e2a1dae8",
    "fields": {
        "image": "image/upload/image1.jpg",
        "property": "39c32a3a-b701-4537-acfb-3e7c9b2ccd50"
    }
},
{
    "model": "property.propertyimage",
    "pk": "21a847bd-9cc8-48f5-8839-781510532839",
    "fields": {
        "image": "image/upload/image2.jpg",
        "property": "173f2477-adfa-491c-a776-82fde2a6f549"
    }
},
{
    "model": "property.propertyimage",
    "pk": "24c1e19a-c5e0-4e65-8357-8e1ac1991193",
    "fields": {
        "image": "image/upload/v1740292399/ndfwvf26luc8urt3zhcg.jpg",
        "property": "61083490-70bc-49e4-8586-25ae230e2f61"
    }
},
{
    "model": "property.propertyimage",
    "pk": "2c4a4dd3-f05a-4be0-ac18-ee153d6fcf4d",
    "fields": {
        "image": "image/upload/image1.jpg",
        "property": "66f700c4-d584-4589-8f3f-6780ffb456c4"
    }
},
{
    "model": "property.propertyimage",
    "pk": "3216c94c-cd51-4b50-8df4-64847bb877e7",
    "fields": {
        "image": "image/upload/image2.jpg",
        "property": "7cb5f38e-cda8-4518-985e-75629131726b"
    }
},
{
    "model": "property.propertyimage",
    "pk": "34a6f1f8-1838-49af-9598-ef0fbf3c9fb9",
    "fields": {
        "image": "image/upload/image2.jpg",
        "property": "4a853b3a-59b6-437d-b21c-e778d7896000"
    }
},
{
    "model": "property.propertyimage",
    "pk": "3c7c5ce2-beb3-47b7-8cdd-dfcc875d16c2",
    "fields": {
        "image": "image/upload/v1740289012/z1oxrhfz6k52nttlvkte.jpg",
        "property": "d67e4c88-dea8-448d-b662-c9ec41c69edd"
    }
},
{
    "model": "property.propertyimage",
    "pk": "3cdcf55b-4546-458a-a61e-162913e9552c",
    "fields": {
        "image": "image/upload/v1740896059/ltbjalugigggkcsec3be.jpg",
        "property": "e3960ef5-ef08-4661-9767-2a0e3859c4be"
    }
},
{
    "model": "property.propertyimage",
    "pk": "3db2c2f8-fa2d-4a9b-ae3c-ea352b5ae3af",
    "fields": {
        "image": "image/upload/image1.jpg",
        "property": "fabbed65-5ebf-4f82-8262-ac7e45f1e2a0"
    }
},
{
    "model": "property.propertyimage",
    "pk": "585a3971-a0b3-4684-a3d0-d9682a39a598",
    "fields": {
        "image": "image/upload/image1.jpg",
        "property": "687ec3ec-653f-4f4b-901c-74053caec362"
    }
},
{
    "model": "property.propertyimage",
    "pk": "587f70f1-33d9-4d0b-b719-e334de625fb6",
    "fields": {
        "image": "image/upload/image1.jpg",
        "property": "7cb5f38e-cda8-4518-985e-75629131726b"
    }
},
{
    "model": "property.propertyimage",
    "pk": "5ca82c14-07d5-4561-a3e8-5202b53a87a7",
    "fields": {
        "image": "image/upload/v1740292400/asrymulg7qrtvekrrzv5.jpg",
        "property": "61083490-70bc-49e4-8586-25ae230e2f61"
    }
},
{
    "model": "property.propertyimage",
    "pk": "5eb24d86-c65c-4331-b68e-ba8020f88ce5",
    "fields": {
        "image": "image/upload/image1.jpg",
        "property": "6de4a41c-7ea6-4d33-8d06-89a011418e76"
    }
},
{
    "model": "property.propertyimage",
    "pk": "6075bc81-ccce-4ce5-9a4d-885771c2db77",
    "fields": {
        "image": "image/upload/v1740289011/tgsy6cbcfll5ikefykco.jpg",
        "property": "d67e4c88-dea8-448d-b662-c9ec41c69edd"
    }
},
{
    "model": "property.propertyimage",
    "pk": "6093ab9d-e5f4-4565-8479-f0b09a9d2fbf",
    "fields": {
        "image": "image/upload/image2.jpg",
        "property": "997c673a-fc22-45a3-b9c3-21b0ced0def1"
    }
},
{
    "model": "property.propertyimage",
    "pk": "620bb34e-3370-4fc8-a147-a74997fed448",
    "fields": {
        "image": "image/upload/image2.jpg",
        "property": "6de4a41c-7ea6-4d33-8d06-89a011418e76"
    }
},
{
    "model": "property.propertyimage",
    "pk": "63c67b3d-ce9c-4a6a-9dd0-74c2c4c0222f",
    "fields": {
        "image": "image/upload/image1.jpg",
        "property": "173f2477-adfa-491c-a776-82fde2a6f549"
    }
},
{
    "model": "property.propertyimage",
    "pk": "66b8716b-7be8-4cc9-8c6d-9fd12cd4f814",
    "fields": {
        "image": "image/upload/image1.jpg",
        "property": "bc3234bd-0979-488e-8cb7-fb9a83eba4dd"
    }
},
{
    "model": "property.propertyimage",
    "pk": "6d1b4621-95d2-4956-aad1-bf7a33bcb9bc",
    "fields": {
        "image": "image/upload/v1740288241/y9wlxy2fbo4w7debdcdc.jpg",
        "property": "61083490-70bc-49e4-8586-25ae230e2f61"
    }
},
{
    "model": "property.propertyimage",
    "pk": "6d8f076f-92ca-467c-b4c6-454b7dbb314b",
    "fields": {
        "image": "image/upload/image2.jpg",
        "property": "8868ac7b-bed8-4246-9397-efc2ab00e26c"
    }
},
{
    "model": "property.propertyimage",
    "pk": "70219189-2a6b-45b9-964e-5a8ecdc40835",
    "fields": {
        "image": "image/upload/image2.jpg",
        "property": "c7aa8db6-9a29-4b29-a9b3-40c6edf6a6ce"
    }
},
{
    "model": "property.propertyimage",
    "pk": "7023ed15-47eb-409d-8d6a-b075ddbd8a66",
    "fields": {
        "image": "image/upload/image1.jpg",
        "property": "6be9ad64-4e97-4e11-8be2-daf57cecbee2"
    }
},
{
    "model": "property.propertyimage",
    "pk": "764670c5-5e5c-4ded-be67-dd494a19194e",
    "fields": {
        "image": "image/upload/image1.jpg",
        "property": "8868ac7b-bed8-4246-9397-efc2ab00e26c"
    }
},
{
    "model": "property.propertyimage",
    "pk": "7987f168-6f01-4b0f-8abd-31d523bb5209",
    "fields": {
        "image": "image/upload/image1.jpg",
        "property": "cbac6179-f796-4d5f-b7e5-ba56f5e33dde"
    }
},
{
    "model": "property.propertyimage",
    "pk": "7b213f1f-bf2f-4c02-96e6-1b2c444d8566",
    "fields": {
        "image": "image/upload/image2.jpg",
        "property": "687ec3ec-653f-4f4b-901c-74053caec362"
    }
},
{
    "model": "property.propertyimage",
    "pk": "7c0c8c67-8941-41be-a4a1-92eeb46b53df",
    "fields": {
        "image": "image/upload/image1.jpg",
        "property": "545fd787-7de8-4428-ba3c-d6212012cf49"
    }
},
{
    "model": "property.propertyimage",
    "pk": "862327f3-42b7-4e70-9472-a05e2f084c01",
    "fields": {
        "image": "image/upload/image2.jpg",
        "property": "545fd787-7de8-4428-ba3c-d6212012cf49"
    }
},
{
    "model": "property.propertyimage",
    "pk": "8dcbaec6-cbef-4613-b06f-f73b87efc290",
    "fields": {
        "image": "image/upload/image1.jpg",
        "property": "c7aa8db6-9a29-4b29-a9b3-40c6edf6a6ce"
    }
},
{
    "model": "property.propertyimage",
    "pk": "8e664485-e6eb-4fe0-8a39-5b0c3532af07",
    "fields": {
        "image": "image/upload/v1740288239/c2pzonoab4zlrz2hbklo.jpg",
        "property": "61083490-70bc-49e4-8586-25ae230e2f61"
    }
},
{
    "model": "property.propertyimage",
    "pk": "90fe66fe-ba66-4089-8cb3-4f3f3633f9b7",
    "fields": {
        "image": "image/upload/image2.jpg",
        "property": "8bbf4aaa-0b98-481e-a5c6-bf14abf768dd"
    }
},
{
    "model": "property.propertyimage",
    "pk": "9101615d-141d-4682-a403-78f4c170635e",
    "fields": {
        "image": "image/upload/image2.jpg",
        "property": "39c32a3a-b701-4537-acfb-3e7c9b2ccd50"
    }
},
{
    "model": "property.propertyimage",
    "pk": "973325d0-ec19-4651-b291-9f8f3fdb657c",
    "fields": {
        "image": "image/upload/image2.jpg",
        "property": "ffce8ab2-1b5c-4974-aecf-dc27894b27f0"
    }
},
{
    "model": "property.propertyimage",
    "pk": "9974d63b-7b52-4d9d-b321-b65fdba12465",
    "fields": {
        "image": "image/upload/v1740896057/lkuf6aclgquzc2j51485.jpg",
        "property": "e3960ef5-ef08-4661-9767-2a0e3859c4be"
    }
},
{
    "model": "property.propertyimage",
    "pk": "9acaa3dc-74f0-426a-bf0a-9937c3ac68fa",
    "fields": {
        "image": "image/upload/v1740292401/toechvtho9akezr6u0tj.jpg",
        "property": "61083490-70bc-49e4-8586-25ae230e2f61"
    }
},
{
    "model": "property.propertyimage",
    "pk": "a265444e-b42a-496d-8df6-01c1bda4c1ab",
    "fields": {
        "image": "image/upload/v1740289014/v3a4xf70fb6piiigs8zs.jpg",
        "property": "d67e4c88-dea8-448d-b662-c9ec41c69edd"
    }
},
{
    "model": "property.propertyimage",
    "pk": "a4bc2904-085c-4c3f-9fe6-233d7aa110dc",
    "fields": {
        "image": "image/upload/image1.jpg",
        "property": "90a12fff-daa2-4508-a5c7-1ae6f5f68230"
    }
},
{
    "model": "property.propertyimage",
    "pk": "aaa46150-08eb-4b28-ae57-1233b24f8ad1",
    "fields": {
        "image": "image/upload/image2.jpg",
        "property": "cbac6179-f796-4d5f-b7e5-ba56f5e33dde"
    }
},
{
    "model": "property.propertyimage",
    "pk": "b4e445bf-8ad7-4659-aa01-5f7dad47a40a",
    "fields": {
        "image": "image/upload/image1.jpg",
        "property": "4929ab9f-51d9-43af-9644-13757b5fd367"
    }
},
{
    "model": "property.propertyimage",
    "pk": "b70a9f4b-a638-4f0e-9452-226f59019b8b",
    "fields": {
        "image": "image/upload/v1740288245/xahugarapjyi5zscsxw0.jpg",
        "property": "61083490-70bc-49e4-8586-25ae230e2f61"
    }
},
{
    "model": "property.propertyimage",
    "pk": "ba86c334-db41-47d6-a7b6-69d32ecd85f2",
    "fields": {
        "image": "image/upload/v1740288247/sz8s4pkn3jympi1elsf2.jpg",
        "property": "61083490-70bc-49e4-8586-25ae230e2f61"
    }
},
{
    "model": "property.propertyimage",
    "pk": "c1b8a5d0-bd25-4fd3-b1da-9729666315fb",
    "fields": {
        "image": "image/upload/v1740292398/stq7nkwfejvedw6k83zu.jpg",
        "property": "61083490-70bc-49e4-8586-25ae230e2f61"
    }
},
{
    "model": "property.propertyimage",
    "pk": "c55e93d0-f0a4-40b3-86a2-ed7d4f5fbbb9",
    "fields": {
        "image": "image/upload/image2.jpg",
        "property": "4929ab9f-51d9-43af-9644-13757b5fd367"
    }
},
{
    "model": "property.propertyimage",
    "pk": "c9f0442c-bf8c-4edb-a039-401565ee5493",
    "fields": {
        "image": "image/upload/v1740289009/raohp5e2qrv47n3izljr.jpg",
        "property": "d67e4c88-dea8-448d-b662-c9ec41c69edd"
    }
},
{
    "model": "property.propertyimage",
    "pk": "d36f6dc8-bda2-466b-8137-f5012efa0d24",
    "fields": {
        "image": "image/upload/image1.jpg",
        "property": "59135a0a-23a2-4f32-9276-6077255243b2"
    }
},
{
    "model": "property.propertyimage",
    "pk": "d7be2c8d-c4c2-4983-84c4-703592312799",
    "fields": {
        "image": "image/upload/image1.jpg",
        "property": "dcef54b9-6c50-4225-a0c7-0c2b9188b9e6"
    }
},
{
    "model": "property.propertyimage",
    "pk": "dc03fa3c-f459-4fcf-b5a0-25d91684e1ea",
    "fields": {
        "image": "image/upload/v1740288242/rhii7acpdgosonkryzar.jpg",
        "property": "61083490-70bc-49e4-8586-25ae230e2f61"
    }
},
{
    "model": "property.propertyimage",
    "pk": "dca73a08-b804-46ba-9edd-ef7eb830d98c",
    "fields": {
        "image": "image/upload/image1.jpg",
        "property": "997c673a-fc22-45a3-b9c3-21b0ced0def1"
    }
},
{
    "model": "property.propertyimage",
    "pk": "e02e896d-0764-4161-b35e-20247baf1c0b",
    "fields": {
        "image": "image/upload/image2.jpg",
        "property": "bc3234bd-0979-488e-8cb7-fb9a83eba4dd"
    }
},
{
    "model": "property.propertyimage",
    "pk": "e4cf597d-5652-4260-b6c5-2fb8c1b4e954",
    "fields": {
        "image": "image/upload/v1740288243/nzpwluizu3dceeukwcvx.jpg",
        "property": "61083490-70bc-49e4-8586-25ae230e2f61"
    }
},
{
    "model": "property.propertyimage",
    "pk": "f786568d-8fce-4a6e-b954-ae85cc7d207d",
    "fields": {
        "image": "image/upload/image2.jpg",
        "property": "90a12fff-daa2-4508-a5c7-1ae6f5f68230"
    }
},
{
    "model": "property.propertyimage",
    "pk": "f81b5c03-3966-4e58-9a50-bf7a926169a8",
    "fields": {
        "image": "image/upload/image1.jpg",
        "property": "4a853b3a-59b6-437d-b21c-e778d7896000"
    }
},
{
    "model": "property.propertyimage",
    "pk": "f88cfc1a-c991-4ee6-ac1c-1d448c357f34",
    "fields": {
        "image": "image/upload/image1.jpg",
        "property": "ffce8ab2-1b5c-4974-aecf-dc27894b27f0"
    }
},
{
    "model": "property.propertyimage",
    "pk": "fc4b1ff5-55e5-4021-a942-99e7e744afc6",
    "fields": {
        "image": "image/upload/v1740289009/qlogc0fywomdxwfxuoc6.jpg",
        "property": "d67e4c88-dea8-448d-b662-c9ec41c69edd"
    }
},
{
    "model": "property.propertyimage",
    "pk": "fe22538a-8e29-4413-aa3a-c160ea5a741f",
    "fields": {
        "image": "image/upload/image2.jpg",
        "property": "dcef54b9-6c50-4225-a0c7-0c2b9188b9e6"
    }
},
{
    "model": "property.amenity",
    "pk": 5,
    "fields": {
        "name": "Free Wi-Fi",
        "description": null
    }
},
{
    "model": "property.amenity",
    "pk": 6,
    "fields": {
        "name": "24/7 Security",
        "description": null
    }
},
{
    "model": "property.amenity",
    "pk": 7,
    "fields": {
        "name": "Parking",
        "description": null
    }
},
{
    "model": "property.amenity",
    "pk": 8,
    "fields": {
        "name": "Air Conditioning",
        "description": null
    }
},
{
    "model": "property.amenity",
    "pk": 9,
    "fields": {
        "name": "Heating",
        "description": null
    }
},
{
    "model": "property.amenity",
    "pk": 10,
    "fields": {
        "name": "Room Service",
        "description": null
    }
},
{
    "model": "property.amenity",
    "pk": 11,
    "fields": {
        "name": "Mini Bar",
        "description": null
    }
},
{
    "model": "property.amenity",
    "pk": 12,
    "fields": {
        "name": "Flat-screen TV",
        "description": null
    }
},
{
    "model": "property.amenity",
    "pk": 13,
    "fields": {
        "name": "Balcony/Terrace",
        "description": null
    }
},
{
    "model": "property.amenity",
    "pk": 14,
    "fields": {
        "name": "Elevator",
        "description": null
    }
},
{
    "model": "property.amenity",
    "pk": 15,
    "fields": {
        "name": "Smoking Area",
        "description": null
    }
},
{
    "model": "property.amenity",
    "pk": 16,
    "fields": {
        "name": "Pet Friendly",
        "description": null
    }
},
{
    "model": "property.amenity",
    "pk": 17,
    "fields": {
        "name": "Laundry Service",
        "description": null
    }
},
{
    "model": "property.amenity",
    "pk": 18,
    "fields": {
        "name": "Daily Housekeeping",
        "description": null
    }
},
{
    "model": "property.amenity",
    "pk": 19,
    "fields": {
        "name": "Concierge Service",
        "description": null
    }
},
{
    "model": "property.amenity",
    "pk": 20,
    "fields": {
        "name": "Luggage Storage",
        "description": null
    }
},
{
    "model": "property.amenity",
    "pk": 21,
    "fields": {
        "name": "In-room Safe",
        "description": null
    }
},
{
    "model": "property.amenity",
    "pk": 22,
    "fields": {
        "name": "Coffee/Tea Maker",
        "description": null
    }
},
{
    "model": "property.amenity",
    "pk": 23,
    "fields": {
        "name": "Hair Dryer",
        "description": null
    }
},
{
    "model": "property.amenity",
    "pk": 24,
    "fields": {
        "name": "Iron/Ironing Board",
        "description": null
    }
},
{
    "model": "property.amenity",
    "pk": 25,
    "fields": {
        "name": "Swimming Pool",
        "description": null
    }
},
{
    "model": "property.amenity",
    "pk": 26,
    "fields": {
        "name": "Gym/Fitness Center",
        "description": null
    }
},
{
    "model": "property.amenity",
    "pk": 27,
    "fields": {
        "name": "Spa Services",
        "description": null
    }
},
{
    "model": "property.amenity",
    "pk": 28,
    "fields": {
        "name": "Sauna",
        "description": null
    }
},
{
    "model": "property.amenity",
    "pk": 29,
    "fields": {
        "name": "Hot Tub/Jacuzzi",
        "description": null
    }
},
{
    "model": "property.amenity",
    "pk": 30,
    "fields": {
        "name": "Game Room",
        "description": null
    }
},
{
    "model": "property.amenity",
    "pk": 31,
    "fields": {
        "name": "Tennis Court",
        "description": null
    }
},
{
    "model": "property.amenity",
    "pk": 32,
    "fields": {
        "name": "Golf Course",
        "description": null
    }
},
{
    "model": "property.amenity",
    "pk": 33,
    "fields": {
        "name": "Yoga/Meditation Area",
        "description": null
    }
},
{
    "model": "property.amenity",
    "pk": 34,
    "fields": {
        "name": "Private Beach Access",
        "description": null
    }
},
{
    "model": "property.amenity",
    "pk": 35,
    "fields": {
        "name": "Garden/Lawn",
        "description": null
    }
},
{
    "model": "property.amenity",
    "pk": 36,
    "fields": {
        "name": "Barbecue Facilities",
        "description": null
    }
},
{
    "model": "property.amenity",
    "pk": 37,
    "fields": {
        "name": "Cinema Room",
        "description": null
    }
},
{
    "model": "property.amenity",
    "pk": 38,
    "fields": {
        "name": "Library",
        "description": null
    }
},
{
    "model": "property.amenity",
    "pk": 39,
    "fields": {
        "name": "Conference Room",
        "description": null
    }
},
{
    "model": "property.amenity",
    "pk": 40,
    "fields": {
        "name": "Business Center",
        "description": null
    }
},
{
    "model": "property.amenity",
    "pk": 41,
    "fields": {
        "name": "Meeting Rooms",
        "description": null
    }
},
{
    "model": "property.amenity",
    "pk": 42,
    "fields": {
        "name": "Printing/Copy Services",
        "description": null
    }
},
{
    "model": "property.amenity",
    "pk": 43,
    "fields": {
        "name": "High-Speed Internet",
        "description": null
    }
},
{
    "model": "property.amenity",
    "pk": 44,
    "fields": {
        "name": "Event Space",
        "description": null
    }
},
{
    "model": "property.amenity",
    "pk": 45,
    "fields": {
        "name": "On-site Restaurant",
        "description": null
    }
},
{
    "model": "property.amenity",
    "pk": 46,
    "fields": {
        "name": "Bar/Lounge",
        "description": null
    }
},
{
    "model": "property.amenity",
    "pk": 47,
    "fields": {
        "name": "Breakfast Included",
        "description": null
    }
},
{
    "model": "property.amenity",
    "pk": 48,
    "fields": {
        "name": "Vending Machines",
        "description": null
    }
},
{
    "model": "property.amenity",
    "pk": 49,
    "fields": {
        "name": "Coffee Shop",
        "description": null
    }
},
{
    "model": "property.amenity",
    "pk": 50,
    "fields": {
        "name": "Poolside Bar",
        "description": null
    }
},
{
    "model": "property.amenity",
    "pk": 51,
    "fields": {
        "name": "Snack Bar",
        "description": null
    }
},
{
    "model": "property.amenity",
    "pk": 52,
    "fields": {
        "name": "Airport Shuttle",
        "description": null
    }
},
{
    "model": "property.amenity",
    "pk": 53,
    "fields": {
        "name": "Free Parking",
        "description": null
    }
},
{
    "model": "property.amenity",
    "pk": 54,
    "fields": {
        "name": "Valet Parking",
        "description": null
    }
},
{
    "model": "property.amenity",
    "pk": 55,
    "fields": {
        "name": "Onsite Parking",
        "description": null
    }
},
{
    "model": "property.amenity",
    "pk": 56,
    "fields": {
        "name": "Wheelchair Accessible",
        "description": null
    }
},
{
    "model": "property.amenity",
    "pk": 57,
    "fields": {
        "name": "Car Rental Services",
        "description": null
    }
},
{
    "model": "property.amenity",
    "pk": 58,
    "fields": {
        "name": "Bicycle Rental",
        "description": null
    }
},
{
    "model": "property.amenity",
    "pk": 59,
    "fields": {
        "name": "Children’s Play Area",
        "description": null
    }
},
{
    "model": "property.amenity",
    "pk": 60,
    "fields": {
        "name": "Kids Club",
        "description": null
    }
},
{
    "model": "property.amenity",
    "pk": 61,
    "fields": {
        "name": "Babysitting Services",
        "description": null
    }
},
{
    "model": "property.amenity",
    "pk": 62,
    "fields": {
        "name": "Family Rooms",
        "description": null
    }
},
{
    "model": "property.amenity",
    "pk": 63,
    "fields": {
        "name": "Child Safety Gates",
        "description": null
    }
},
{
    "model": "property.amenity",
    "pk": 64,
    "fields": {
        "name": "Children's Pool",
        "description": null
    }
},
{
    "model": "property.amenity",
    "pk": 65,
    "fields": {
        "name": "Massage Services",
        "description": null
    }
},
{
    "model": "property.amenity",
    "pk": 66,
    "fields": {
        "name": "Wellness Center",
        "description": null
    }
},
{
    "model": "property.amenity",
    "pk": 67,
    "fields": {
        "name": "Personal Trainer",
        "description": null
    }
},
{
    "model": "property.amenity",
    "pk": 68,
    "fields": {
        "name": "Steam Room",
        "description": null
    }
},
{
    "model": "property.amenity",
    "pk": 69,
    "fields": {
        "name": "Meditation Room",
        "description": null
    }
},
{
    "model": "property.amenity",
    "pk": 70,
    "fields": {
        "name": "Detox Programs",
        "description": null
    }
},
{
    "model": "property.amenity",
    "pk": 71,
    "fields": {
        "name": "Solar Power",
        "description": null
    }
},
{
    "model": "property.amenity",
    "pk": 72,
    "fields": {
        "name": "Energy-efficient Appliances",
        "description": null
    }
},
{
    "model": "property.amenity",
    "pk": 73,
    "fields": {
        "name": "Rainwater Harvesting",
        "description": null
    }
},
{
    "model": "property.amenity",
    "pk": 74,
    "fields": {
        "name": "Recycling Bins",
        "description": null
    }
},
{
    "model": "property.amenity",
    "pk": 75,
    "fields": {
        "name": "Electric Vehicle Charging Stations",
        "description": null
    }
},
{
    "model": "property.amenity",
    "pk": 76,
    "fields": {
        "name": "Organic Toiletries",
        "description": null
    }
},
{
    "model": "property.amenity",
    "pk": 77,
    "fields": {
        "name": "Smart TV with Streaming Services",
        "description": null
    }
},
{
    "model": "property.amenity",
    "pk": 78,
    "fields": {
        "name": "Surround Sound System",
        "description": null
    }
},
{
    "model": "property.amenity",
    "pk": 79,
    "fields": {
        "name": "High-Speed Internet (Fiber)",
        "description": null
    }
},
{
    "model": "property.amenity",
    "pk": 80,
    "fields": {
        "name": "Virtual Reality Room",
        "description": null
    }
},
{
    "model": "property.amenity",
    "pk": 81,
    "fields": {
        "name": "Interactive Games",
        "description": null
    }
},
{
    "model": "property.amenity",
    "pk": 82,
    "fields": {
        "name": "Smart Room Controls (Lights, Curtains, AC)",
        "description": null
    }
},
{
    "model": "property.amenity",
    "pk": 83,
    "fields": {
        "name": "Private Pool",
        "description": null
    }
},
{
    "model": "property.amenity",
    "pk": 84,
    "fields": {
        "name": "Rooftop Deck",
        "description": null
    }
},
{
    "model": "property.amenity",
    "pk": 85,
    "fields": {
        "name": "Helipad",
        "description": null
    }
},
{
    "model": "property.amenity",
    "pk": 86,
    "fields": {
        "name": "Wine Cellar",
        "description": null
    }
},
{
    "model": "property.amenity",
    "pk": 87,
    "fields": {
        "name": "Fireplace",
        "description": null
    }
},
{
    "model": "property.amenity",
    "pk": 88,
    "fields": {
        "name": "Butler Service",
        "description": null
    }
},
{
    "model": "property.amenity",
    "pk": 89,
    "fields": {
        "name": "Private Chef",
        "description": null
    }
},
{
    "model": "property.amenity",
    "pk": 90,
    "fields": {
        "name": "Infinity Pool",
        "description": null
    }
},
{
    "model": "property.amenity",
    "pk": 91,
    "fields": {
        "name": "Observatory (Telescope)",
        "description": null
    }
},
{
    "model": "property.amenity",
    "pk": 92,
    "fields": {
        "name": "Backup Generator",
        "description": null
    }
},
{
    "model": "property.amenity",
    "pk": 93,
    "fields": {
        "name": "Fire Extinguishers",
        "description": null
    }
},
{
    "model": "property.amenity",
    "pk": 94,
    "fields": {
        "name": "First Aid Kit",
        "description": null
    }
},
{
    "model": "property.amenity",
    "pk": 95,
    "fields": {
        "name": "Smoke Alarms",
        "description": null
    }
},
{
    "model": "property.amenity",
    "pk": 96,
    "fields": {
        "name": "Carbon Monoxide Detectors",
        "description": null
    }
},
{
    "model": "property.amenity",
    "pk": 97,
    "fields": {
        "name": "24-hour Emergency Services",
        "description": null
    }
},
{
    "model": "property.amenity",
    "pk": 98,
    "fields": {
        "name": "WiFi",
        "description": null
    }
},
{
    "model": "property.amenity",
    "pk": 99,
    "fields": {
        "name": "Pool",
        "description": null
    }
},
{
    "model": "property.amenity",
    "pk": 100,
    "fields": {
        "name": "Restaurant",
        "description": null
    }
},
{
    "model": "property.amenity",
    "pk": 101,
    "fields": {
        "name": "Bar",
        "description": null
    }
},
{
    "model": "property.amenity",
    "pk": 102,
    "fields": {
        "name": "Spa",
        "description": null
    }
},
{
    "model": "property.amenity",
    "pk": 103,
    "fields": {
        "name": "Gym",
        "description": null
    }
},
{
    "model": "property.propertyamenities",
    "pk": 9,
    "fields": {
        "property": "e3960ef5-ef08-4661-9767-2a0e3859c4be",
        "amenity": 5,
        "is_available": true
    }
},
{
    "model": "property.propertyamenities",
    "pk": 10,
    "fields": {
        "property": "e3960ef5-ef08-4661-9767-2a0e3859c4be",
        "amenity": 6,
        "is_available": true
    }
},
{
    "model": "property.propertyamenities",
    "pk": 11,
    "fields": {
        "property": "e3960ef5-ef08-4661-9767-2a0e3859c4be",
        "amenity": 7,
        "is_available": true
    }
},
{
    "model": "property.propertyamenities",
    "pk": 12,
    "fields": {
        "property": "e3960ef5-ef08-4661-9767-2a0e3859c4be",
        "amenity": 6,
        "is_available": true
    }
},
{
    "model": "property.propertyamenities",
    "pk": 13,
    "fields": {
        "property": "e3960ef5-ef08-4661-9767-2a0e3859c4be",
        "amenity": 9,
        "is_available": true
    }
},
{
    "model": "property.propertyamenities",
    "pk": 14,
    "fields": {
        "property": "e3960ef5-ef08-4661-9767-2a0e3859c4be",
        "amenity": 10,
        "is_available": true
    }
},
{
    "model": "property.propertyamenities",
    "pk": 15,
    "fields": {
        "property": "e3960ef5-ef08-4661-9767-2a0e3859c4be",
        "amenity": 12,
        "is_available": true
    }
},
{
    "model": "property.propertyamenities",
    "pk": 16,
    "fields": {
        "property": "e3960ef5-ef08-4661-9767-2a0e3859c4be",
        "amenity": 13,
        "is_available": true
    }
},
{
    "model": "property.propertyamenities",
    "pk": 17,
    "fields": {
        "property": "d67e4c88-dea8-448d-b662-c9ec41c69edd",
        "amenity": 5,
        "is_available": true
    }
},
{
    "model": "property.propertyamenities",
    "pk": 18,
    "fields": {
        "property": "d67e4c88-dea8-448d-b662-c9ec41c69edd",
        "amenity": 27,
        "is_available": true
    }
},
{
    "model": "property.propertyamenities",
    "pk": 19,
    "fields": {
        "property": "d67e4c88-dea8-448d-b662-c9ec41c69edd",
        "amenity": 62,
        "is_available": true
    }
},
{
    "model": "property.propertyamenities",
    "pk": 20,
    "fields": {
        "property": "d67e4c88-dea8-448d-b662-c9ec41c69edd",
        "amenity": 7,
        "is_available": true
    }
},
{
    "model": "property.propertyamenities",
    "pk": 21,
    "fields": {
        "property": "d67e4c88-dea8-448d-b662-c9ec41c69edd",
        "amenity": 15,
        "is_available": true
    }
},
{
    "model": "property.propertyamenities",
    "pk": 22,
    "fields": {
        "property": "d67e4c88-dea8-448d-b662-c9ec41c69edd",
        "amenity": 10,
        "is_available": true
    }
},
{
    "model": "property.propertyamenities",
    "pk": 23,
    "fields": {
        "property": "d67e4c88-dea8-448d-b662-c9ec41c69edd",
        "amenity": 22,
        "is_available": true
    }
},
{
    "model": "property.propertyamenities",
    "pk": 36,
    "fields": {
        "property": "61083490-70bc-49e4-8586-25ae230e2f61",
        "amenity": 5,
        "is_available": true
    }
},
{
    "model": "property.propertyamenities",
    "pk": 37,
    "fields": {
        "property": "39c32a3a-b701-4537-acfb-3e7c9b2ccd50",
        "amenity": 98,
        "is_available": true
    }
},
{
    "model": "property.propertyamenities",
    "pk": 38,
    "fields": {
        "property": "39c32a3a-b701-4537-acfb-3e7c9b2ccd50",
        "amenity": 99,
        "is_available": true
    }
},
{
    "model": "property.propertyamenities",
    "pk": 39,
    "fields": {
        "property": "39c32a3a-b701-4537-acfb-3e7c9b2ccd50",
        "amenity": 100,
        "is_available": true
    }
},
{
    "model": "property.propertyamenities",
    "pk": 40,
    "fields": {
        "property": "8868ac7b-bed8-4246-9397-efc2ab00e26c",
        "amenity": 101,
        "is_available": true
    }
},
{
    "model": "property.propertyamenities",
    "pk": 41,
    "fields": {
        "property": "8868ac7b-bed8-4246-9397-efc2ab00e26c",
        "amenity": 102,
        "is_available": true
    }
},
{
    "model": "property.propertyamenities",
    "pk": 42,
    "fields": {
        "property": "8868ac7b-bed8-4246-9397-efc2ab00e26c",
        "amenity": 98,
        "is_available": true
    }
},
{
    "model": "property.propertyamenities",
    "pk": 43,
    "fields": {
        "property": "fabbed65-5ebf-4f82-8262-ac7e45f1e2a0",
        "amenity": 100,
        "is_available": true
    }
},
{
    "model": "property.propertyamenities",
    "pk": 44,
    "fields": {
        "property": "fabbed65-5ebf-4f82-8262-ac7e45f1e2a0",
        "amenity": 101,
        "is_available": true
    }
},
{
    "model": "property.propertyamenities",
    "pk": 45,
    "fields": {
        "property": "fabbed65-5ebf-4f82-8262-ac7e45f1e2a0",
        "amenity": 99,
        "is_available": true
    }
},
{
    "model": "property.propertyamenities",
    "pk": 46,
    "fields": {
        "property": "fabbed65-5ebf-4f82-8262-ac7e45f1e2a0",
        "amenity": 103,
        "is_available": true
    }
},
{
    "model": "property.propertyamenities",
    "pk": 47,
    "fields": {
        "property": "ffce8ab2-1b5c-4974-aecf-dc27894b27f0",
        "amenity": 99,
        "is_available": true
    }
},
{
    "model": "property.propertyamenities",
    "pk": 48,
    "fields": {
        "property": "ffce8ab2-1b5c-4974-aecf-dc27894b27f0",
        "amenity": 101,
        "is_available": true
    }
},
{
    "model": "property.propertyamenities",
    "pk": 49,
    "fields": {
        "property": "ffce8ab2-1b5c-4974-aecf-dc27894b27f0",
        "amenity": 102,
        "is_available": true
    }
},
{
    "model": "property.propertyamenities",
    "pk": 50,
    "fields": {
        "property": "bc3234bd-0979-488e-8cb7-fb9a83eba4dd",
        "amenity": 99,
        "is_available": true
    }
},
{
    "model": "property.propertyamenities",
    "pk": 51,
    "fields": {
        "property": "bc3234bd-0979-488e-8cb7-fb9a83eba4dd",
        "amenity": 102,
        "is_available": true
    }
},
{
    "model": "property.propertyamenities",
    "pk": 52,
    "fields": {
        "property": "bc3234bd-0979-488e-8cb7-fb9a83eba4dd",
        "amenity": 100,
        "is_available": true
    }
},
{
    "model": "property.propertyamenities",
    "pk": 53,
    "fields": {
        "property": "bc3234bd-0979-488e-8cb7-fb9a83eba4dd",
        "amenity": 101,
        "is_available": true
    }
},
{
    "model": "property.propertyamenities",
    "pk": 54,
    "fields": {
        "property": "4a853b3a-59b6-437d-b21c-e778d7896000",
        "amenity": 101,
        "is_available": true
    }
},
{
    "model": "property.propertyamenities",
    "pk": 55,
    "fields": {
        "property": "4a853b3a-59b6-437d-b21c-e778d7896000",
        "amenity": 99,
        "is_available": true
    }
},
{
    "model": "property.propertyamenities",
    "pk": 56,
    "fields": {
        "property": "4a853b3a-59b6-437d-b21c-e778d7896000",
        "amenity": 7,
        "is_available": true
    }
},
{
    "model": "property.propertyamenities",
    "pk": 57,
    "fields": {
        "property": "4a853b3a-59b6-437d-b21c-e778d7896000",
        "amenity": 100,
        "is_available": true
    }
},
{
    "model": "property.propertyamenities",
    "pk": 58,
    "fields": {
        "property": "6de4a41c-7ea6-4d33-8d06-89a011418e76",
        "amenity": 103,
        "is_available": true
    }
},
{
    "model": "property.propertyamenities",
    "pk": 59,
    "fields": {
        "property": "6de4a41c-7ea6-4d33-8d06-89a011418e76",
        "amenity": 99,
        "is_available": true
    }
},
{
    "model": "property.propertyamenities",
    "pk": 60,
    "fields": {
        "property": "6de4a41c-7ea6-4d33-8d06-89a011418e76",
        "amenity": 101,
        "is_available": true
    }
},
{
    "model": "property.propertyamenities",
    "pk": 61,
    "fields": {
        "property": "6de4a41c-7ea6-4d33-8d06-89a011418e76",
        "amenity": 102,
        "is_available": true
    }
},
{
    "model": "property.propertyamenities",
    "pk": 62,
    "fields": {
        "property": "90a12fff-daa2-4508-a5c7-1ae6f5f68230",
        "amenity": 103,
        "is_available": true
    }
},
{
    "model": "property.propertyamenities",
    "pk": 63,
    "fields": {
        "property": "90a12fff-daa2-4508-a5c7-1ae6f5f68230",
        "amenity": 99,
        "is_available": true
    }
},
{
    "model": "property.propertyamenities",
    "pk": 64,
    "fields": {
        "property": "90a12fff-daa2-4508-a5c7-1ae6f5f68230",
        "amenity": 101,
        "is_available": true
    }
},
{
    "model": "property.propertyamenities",
    "pk": 65,
    "fields": {
        "property": "90a12fff-daa2-4508-a5c7-1ae6f5f68230",
        "amenity": 102,
        "is_available": true
    }
},
{
    "model": "property.propertyamenities",
    "pk": 66,
    "fields": {
        "property": "90a12fff-daa2-4508-a5c7-1ae6f5f68230",
        "amenity": 98,
        "is_available": true
    }
},
{
    "model": "property.propertyamenities",
    "pk": 67,
    "fields": {
        "property": "90a12fff-daa2-4508-a5c7-1ae6f5f68230",
        "amenity": 7,
        "is_available": true
    }
},
{
    "model": "property.propertyamenities",
    "pk": 68,
    "fields": {
        "property": "4929ab9f-51d9-43af-9644-13757b5fd367",
        "amenity": 101,
        "is_available": true
    }
},
{
    "model": "property.propertyamenities",
    "pk": 69,
    "fields": {
        "property": "4929ab9f-51d9-43af-9644-13757b5fd367",
        "amenity": 103,
        "is_available": true
    }
},
{
    "model": "property.propertyamenities",
    "pk": 70,
    "fields": {
        "property": "4929ab9f-51d9-43af-9644-13757b5fd367",
        "amenity": 102,
        "is_available": true
    }
},
{
    "model": "property.propertyamenities",
    "pk": 71,
    "fields": {
        "property": "59135a0a-23a2-4f32-9276-6077255243b2",
        "amenity": 100,
        "is_available": true
    }
},
{
    "model": "property.propertyamenities",
    "pk": 72,
    "fields": {
        "property": "59135a0a-23a2-4f32-9276-6077255243b2",
        "amenity": 98,
        "is_available": true
    }
},
{
    "model": "property.propertyamenities",
    "pk": 73,
    "fields": {
        "property": "59135a0a-23a2-4f32-9276-6077255243b2",
        "amenity": 101,
        "is_available": true
    }
},
{
    "model": "property.propertyamenities",
    "pk": 74,
    "fields": {
        "property": "59135a0a-23a2-4f32-9276-6077255243b2",
        "amenity": 99,
        "is_available": true
    }
},
{
    "model": "property.propertyamenities",
    "pk": 75,
    "fields": {
        "property": "8bbf4aaa-0b98-481e-a5c6-bf14abf768dd",
        "amenity": 101,
        "is_available": true
    }
},
{
    "model": "property.propertyamenities",
    "pk": 76,
    "fields": {
        "property": "8bbf4aaa-0b98-481e-a5c6-bf14abf768dd",
        "amenity": 103,
        "is_available": true
    }
},
{
    "model": "property.propertyamenities",
    "pk": 77,
    "fields": {
        "property": "8bbf4aaa-0b98-481e-a5c6-bf14abf768dd",
        "amenity": 100,
        "is_available": true
    }
},
{
    "model": "property.propertyamenities",
    "pk": 78,
    "fields": {
        "property": "8bbf4aaa-0b98-481e-a5c6-bf14abf768dd",
        "amenity": 99,
        "is_available": true
    }
},
{
    "model": "property.propertyamenities",
    "pk": 79,
    "fields": {
        "property": "8bbf4aaa-0b98-481e-a5c6-bf14abf768dd",
        "amenity": 7,
        "is_available": true
    }
},
{
    "model": "property.propertyamenities",
    "pk": 80,
    "fields": {
        "property": "545fd787-7de8-4428-ba3c-d6212012cf49",
        "amenity": 103,
        "is_available": true
    }
},
{
    "model": "property.propertyamenities",
    "pk": 81,
    "fields": {
        "property": "545fd787-7de8-4428-ba3c-d6212012cf49",
        "amenity": 99,
        "is_available": true
    }
},
{
    "model": "property.propertyamenities",
    "pk": 82,
    "fields": {
        "property": "545fd787-7de8-4428-ba3c-d6212012cf49",
        "amenity": 102,
        "is_available": true
    }
},
{
    "model": "property.propertyamenities",
    "pk": 83,
    "fields": {
        "property": "545fd787-7de8-4428-ba3c-d6212012cf49",
        "amenity": 98,
        "is_available": true
    }
},
{
    "model": "property.propertyamenities",
    "pk": 84,
    "fields": {
        "property": "545fd787-7de8-4428-ba3c-d6212012cf49",
        "amenity": 101,
        "is_available": true
    }
},
{
    "model": "property.propertyamenities",
    "pk": 85,
    "fields": {
        "property": "545fd787-7de8-4428-ba3c-d6212012cf49",
        "amenity": 7,
        "is_available": true
    }
},
{
    "model": "property.propertyamenities",
    "pk": 86,
    "fields": {
        "property": "6be9ad64-4e97-4e11-8be2-daf57cecbee2",
        "amenity": 103,
        "is_available": true
    }
},
{
    "model": "property.propertyamenities",
    "pk": 87,
    "fields": {
        "property": "6be9ad64-4e97-4e11-8be2-daf57cecbee2",
        "amenity": 7,
        "is_available": true
    }
},
{
    "model": "property.propertyamenities",
    "pk": 88,
    "fields": {
        "property": "6be9ad64-4e97-4e11-8be2-daf57cecbee2",
        "amenity": 102,
        "is_available": true
    }
},
{
    "model": "property.propertyamenities",
    "pk": 89,
    "fields": {
        "property": "6be9ad64-4e97-4e11-8be2-daf57cecbee2",
        "amenity": 98,
        "is_available": true
    }
},
{
    "model": "property.propertyamenities",
    "pk": 90,
    "fields": {
        "property": "6be9ad64-4e97-4e11-8be2-daf57cecbee2",
        "amenity": 100,
        "is_available": true
    }
},
{
    "model": "property.propertyamenities",
    "pk": 91,
    "fields": {
        "property": "997c673a-fc22-45a3-b9c3-21b0ced0def1",
        "amenity": 99,
        "is_available": true
    }
},
{
    "model": "property.propertyamenities",
    "pk": 92,
    "fields": {
        "property": "997c673a-fc22-45a3-b9c3-21b0ced0def1",
        "amenity": 100,
        "is_available": true
    }
},
{
    "model": "property.propertyamenities",
    "pk": 93,
    "fields": {
        "property": "997c673a-fc22-45a3-b9c3-21b0ced0def1",
        "amenity": 7,
        "is_available": true
    }
},
{
    "model": "property.propertyamenities",
    "pk": 94,
    "fields": {
        "property": "dcef54b9-6c50-4225-a0c7-0c2b9188b9e6",
        "amenity": 100,
        "is_available": true
    }
},
{
    "model": "property.propertyamenities",
    "pk": 95,
    "fields": {
        "property": "dcef54b9-6c50-4225-a0c7-0c2b9188b9e6",
        "amenity": 101,
        "is_available": true
    }
},
{
    "model": "property.propertyamenities",
    "pk": 96,
    "fields": {
        "property": "dcef54b9-6c50-4225-a0c7-0c2b9188b9e6",
        "amenity": 102,
        "is_available": true
    }
},
{
    "model": "property.propertyamenities",
    "pk": 97,
    "fields": {
        "property": "dcef54b9-6c50-4225-a0c7-0c2b9188b9e6",
        "amenity": 99,
        "is_available": true
    }
},
{
    "model": "property.propertyamenities",
    "pk": 98,
    "fields": {
        "property": "dcef54b9-6c50-4225-a0c7-0c2b9188b9e6",
        "amenity": 98,
        "is_available": true
    }
},
{
    "model": "property.propertyamenities",
    "pk": 99,
    "fields": {
        "property": "dcef54b9-6c50-4225-a0c7-0c2b9188b9e6",
        "amenity": 103,
        "is_available": true
    }
},
{
    "model": "property.propertyamenities",
    "pk": 100,
    "fields": {
        "property": "66f700c4-d584-4589-8f3f-6780ffb456c4",
        "amenity": 103,
        "is_available": true
    }
},
{
    "model": "property.propertyamenities",
    "pk": 101,
    "fields": {
        "property": "66f700c4-d584-4589-8f3f-6780ffb456c4",
        "amenity": 100,
        "is_available": true
    }
},
{
    "model": "property.propertyamenities",
    "pk": 102,
    "fields": {
        "property": "66f700c4-d584-4589-8f3f-6780ffb456c4",
        "amenity": 98,
        "is_available": true
    }
},
{
    "model": "property.propertyamenities",
    "pk": 103,
    "fields": {
        "property": "66f700c4-d584-4589-8f3f-6780ffb456c4",
        "amenity": 7,
        "is_available": true
    }
},
{
    "model": "property.propertyamenities",
    "pk": 104,
    "fields": {
        "property": "66f700c4-d584-4589-8f3f-6780ffb456c4",
        "amenity": 99,
        "is_available": true
    }
},
{
    "model": "property.propertyamenities",
    "pk": 105,
    "fields": {
        "property": "66f700c4-d584-4589-8f3f-6780ffb456c4",
        "amenity": 102,
        "is_available": true
    }
},
{
    "model": "property.propertyamenities",
    "pk": 106,
    "fields": {
        "property": "7cb5f38e-cda8-4518-985e-75629131726b",
        "amenity": 102,
        "is_available": true
    }
},
{
    "model": "property.propertyamenities",
    "pk": 107,
    "fields": {
        "property": "7cb5f38e-cda8-4518-985e-75629131726b",
        "amenity": 98,
        "is_available": true
    }
},
{
    "model": "property.propertyamenities",
    "pk": 108,
    "fields": {
        "property": "7cb5f38e-cda8-4518-985e-75629131726b",
        "amenity": 99,
        "is_available": true
    }
},
{
    "model": "property.propertyamenities",
    "pk": 109,
    "fields": {
        "property": "7cb5f38e-cda8-4518-985e-75629131726b",
        "amenity": 103,
        "is_available": true
    }
},
{
    "model": "property.propertyamenities",
    "pk": 110,
    "fields": {
        "property": "7cb5f38e-cda8-4518-985e-75629131726b",
        "amenity": 101,
        "is_available": true
    }
},
{
    "model": "property.propertyamenities",
    "pk": 111,
    "fields": {
        "property": "cbac6179-f796-4d5f-b7e5-ba56f5e33dde",
        "amenity": 7,
        "is_available": true
    }
},
{
    "model": "property.propertyamenities",
    "pk": 112,
    "fields": {
        "property": "cbac6179-f796-4d5f-b7e5-ba56f5e33dde",
        "amenity": 98,
        "is_available": true
    }
},
{
    "model": "property.propertyamenities",
    "pk": 113,
    "fields": {
        "property": "cbac6179-f796-4d5f-b7e5-ba56f5e33dde",
        "amenity": 100,
        "is_available": true
    }
},
{
    "model": "property.propertyamenities",
    "pk": 114,
    "fields": {
        "property": "cbac6179-f796-4d5f-b7e5-ba56f5e33dde",
        "amenity": 102,
        "is_available": true
    }
},
{
    "model": "property.propertyamenities",
    "pk": 115,
    "fields": {
        "property": "687ec3ec-653f-4f4b-901c-74053caec362",
        "amenity": 100,
        "is_available": true
    }
},
{
    "model": "property.propertyamenities",
    "pk": 116,
    "fields": {
        "property": "687ec3ec-653f-4f4b-901c-74053caec362",
        "amenity": 101,
        "is_available": true
    }
},
{
    "model": "property.propertyamenities",
    "pk": 117,
    "fields": {
        "property": "687ec3ec-653f-4f4b-901c-74053caec362",
        "amenity": 99,
        "is_available": true
    }
},
{
    "model": "property.propertyamenities",
    "pk": 118,
    "fields": {
        "property": "687ec3ec-653f-4f4b-901c-74053caec362",
        "amenity": 98,
        "is_available": true
    }
},
{
    "model": "property.propertyamenities",
    "pk": 119,
    "fields": {
        "property": "687ec3ec-653f-4f4b-901c-74053caec362",
        "amenity": 103,
        "is_available": true
    }
},
{
    "model": "property.propertyamenities",
    "pk": 120,
    "fields": {
        "property": "173f2477-adfa-491c-a776-82fde2a6f549",
        "amenity": 7,
        "is_available": true
    }
},
{
    "model": "property.propertyamenities",
    "pk": 121,
    "fields": {
        "property": "173f2477-adfa-491c-a776-82fde2a6f549",
        "amenity": 103,
        "is_available": true
    }
},
{
    "model": "property.propertyamenities",
    "pk": 122,
    "fields": {
        "property": "173f2477-adfa-491c-a776-82fde2a6f549",
        "amenity": 100,
        "is_available": true
    }
},
{
    "model": "property.propertyamenities",
    "pk": 123,
    "fields": {
        "property": "173f2477-adfa-491c-a776-82fde2a6f549",
        "amenity": 102,
        "is_available": true
    }
},
{
    "model": "property.propertyamenities",
    "pk": 124,
    "fields": {
        "property": "c7aa8db6-9a29-4b29-a9b3-40c6edf6a6ce",
        "amenity": 99,
        "is_available": true
    }
},
{
    "model": "property.propertyamenities",
    "pk": 125,
    "fields": {
        "property": "c7aa8db6-9a29-4b29-a9b3-40c6edf6a6ce",
        "amenity": 98,
        "is_available": true
    }
},
{
    "model": "property.propertyamenities",
    "pk": 126,
    "fields": {
        "property": "c7aa8db6-9a29-4b29-a9b3-40c6edf6a6ce",
        "amenity": 101,
        "is_available": true
    }
},
{
    "model": "property.policy",
    "pk": 2,
    "fields": {
        "property": "e3960ef5-ef08-4661-9767-2a0e3859c4be",
        "checkin_time_from": "10:26:00",
        "checkin_time_to": null,
        "checkout_time_from": null,
        "checkout_time_to": "06:25:00",
        "children_allowed": true,
        "extra_beds_available": true,
        "extra_bed_cost": "5.00",
        "pets_allowed": true,
        "pet_fee": null,
        "pet_details": ""
    }
},
{
    "model": "property.policy",
    "pk": 3,
    "fields": {
        "property": "d67e4c88-dea8-448d-b662-c9ec41c69edd",
        "checkin_time_from": "04:44:59",
        "checkin_time_to": "04:55:53",
        "checkout_time_from": "04:55:57",
        "checkout_time_to": "04:45:00",
        "children_allowed": true,
        "extra_beds_available": true,
        "extra_bed_cost": "20.00",
        "pets_allowed": true,
        "pet_fee": null,
        "pet_details": ""
    }
},
{
    "model": "property.policy",
    "pk": 8,
    "fields": {
        "property": "61083490-70bc-49e4-8586-25ae230e2f61",
        "checkin_time_from": "14:00:00",
        "checkin_time_to": "23:00:00",
        "checkout_time_from": "06:00:00",
        "checkout_time_to": "12:00:00",
        "children_allowed": true,
        "extra_beds_available": false,
        "extra_bed_cost": null,
        "pets_allowed": false,
        "pet_fee": null,
        "pet_details": null
    }
},
{
    "model": "property.policy",
    "pk": 9,
    "fields": {
        "property": "39c32a3a-b701-4537-acfb-3e7c9b2ccd50",
        "checkin_time_from": "14:00:00",
        "checkin_time_to": "23:00:00",
        "checkout_time_from": "06:00:00",
        "checkout_time_to": "12:00:00",
        "children_allowed": true,
        "extra_beds_available": true,
        "extra_bed_cost": "10.00",
        "pets_allowed": false,
        "pet_fee": null,
        "pet_details": null
    }
},
{
    "model": "property.policy",
    "pk": 10,
    "fields": {
        "property": "8868ac7b-bed8-4246-9397-efc2ab00e26c",
        "checkin_time_from": "14:00:00",
        "checkin_time_to": "23:00:00",
        "checkout_time_from": "06:00:00",
        "checkout_time_to": "12:00:00",
        "children_allowed": true,
        "extra_beds_available": true,
        "extra_bed_cost": "16.78",
        "pets_allowed": false,
        "pet_fee": "9.53",
        "pet_details": null
    }
},
{
    "model": "property.policy",
    "pk": 11,
    "fields": {
        "property": "fabbed65-5ebf-4f82-8262-ac7e45f1e2a0",
        "checkin_time_from": "14:00:00",
        "checkin_time_to": "23:00:00",
        "checkout_time_from": "06:00:00",
        "checkout_time_to": "12:00:00",
        "children_allowed": true,
        "extra_beds_available": false,
        "extra_bed_cost": null,
        "pets_allowed": true,
        "pet_fee": null,
        "pet_details": null
    }
},
{
    "model": "property.policy",
    "pk": 12,
    "fields": {
        "property": "ffce8ab2-1b5c-4974-aecf-dc27894b27f0",
        "checkin_time_from": "14:00:00",
        "checkin_time_to": "23:00:00",
        "checkout_time_from": "06:00:00",
        "checkout_time_to": "12:00:00",
        "children_allowed": false,
        "extra_beds_available": false,
        "extra_bed_cost": "14.77",
        "pets_allowed": true,
        "pet_fee": "5.51",
        "pet_details": null
    }
},
{
    "model": "property.policy",
    "pk": 13,
    "fields": {
        "property": "bc3234bd-0979-488e-8cb7-fb9a83eba4dd",
        "checkin_time_from": "14:00:00",
        "checkin_time_to": "23:00:00",
        "checkout_time_from": "06:00:00",
        "checkout_time_to": "12:00:00",
        "children_allowed": false,
        "extra_beds_available": false,
        "extra_bed_cost": null,
        "pets_allowed": false,
        "pet_fee": "6.95",
        "pet_details": "Only small pets allowed"
    }
},
{
    "model": "property.policy",
    "pk": 14,
    "fields": {
        "property": "4a853b3a-59b6-437d-b21c-e778d7896000",
        "checkin_time_from": "14:00:00",
        "checkin_time_to": "23:00:00",
        "checkout_time_from": "06:00:00",
        "checkout_time_to": "12:00:00",
        "children_allowed": false,
        "extra_beds_available": true,
        "extra_bed_cost": "15.80",
        "pets_allowed": true,
        "pet_fee": null,
        "pet_details": null
    }
},
{
    "model": "property.policy",
    "pk": 15,
    "fields": {
        "property": "6de4a41c-7ea6-4d33-8d06-89a011418e76",
        "checkin_time_from": "14:00:00",
        "checkin_time_to": "23:00:00",
        "checkout_time_from": "06:00:00",
        "checkout_time_to": "12:00:00",
        "children_allowed": true,
        "extra_beds_available": false,
        "extra_bed_cost": null,
        "pets_allowed": true,
        "pet_fee": "8.48",
        "pet_details": "Only small pets allowed"
    }
},
{
    "model": "property.policy",
    "pk": 16,
    "fields": {
        "property": "90a12fff-daa2-4508-a5c7-1ae6f5f68230",
        "checkin_time_from": "14:00:00",
        "checkin_time_to": "23:00:00",
        "checkout_time_from": "06:00:00",
        "checkout_time_to": "12:00:00",
        "children_allowed": false,
        "extra_beds_available": true,
        "extra_bed_cost": "13.02",
        "pets_allowed": false,
        "pet_fee": null,
        "pet_details": "Only small pets allowed"
    }
},
{
    "model": "property.policy",
    "pk": 17,
    "fields": {
        "property": "4929ab9f-51d9-43af-9644-13757b5fd367",
        "checkin_time_from": "14:00:00",
        "checkin_time_to": "23:00:00",
        "checkout_time_from": "06:00:00",
        "checkout_time_to": "12:00:00",
        "children_allowed": false,
        "extra_beds_available": false,
        "extra_bed_cost": null,
        "pets_allowed": false,
        "pet_fee": "8.75",
        "pet_details": "Only small pets allowed"
    }
},
{
    "model": "property.policy",
    "pk": 18,
    "fields": {
        "property": "59135a0a-23a2-4f32-9276-6077255243b2",
        "checkin_time_from": "14:00:00",
        "checkin_time_to": "23:00:00",
        "checkout_time_from": "06:00:00",
        "checkout_time_to": "12:00:00",
        "children_allowed": true,
        "extra_beds_available": true,
        "extra_bed_cost": "8.11",
        "pets_allowed": true,
        "pet_fee": null,
        "pet_details": "Only small pets allowed"
    }
},
{
    "model": "property.policy",
    "pk": 19,
    "fields": {
        "property": "8bbf4aaa-0b98-481e-a5c6-bf14abf768dd",
        "checkin_time_from": "14:00:00",
        "checkin_time_to": "23:00:00",
        "checkout_time_from": "06:00:00",
        "checkout_time_to": "12:00:00",
        "children_allowed": false,
        "extra_beds_available": false,
        "extra_bed_cost": "15.94",
        "pets_allowed": false,
        "pet_fee": "7.28",
        "pet_details": null
    }
},
{
    "model": "property.policy",
    "pk": 20,
    "fields": {
        "property": "545fd787-7de8-4428-ba3c-d6212012cf49",
        "checkin_time_from": "14:00:00",
        "checkin_time_to": "23:00:00",
        "checkout_time_from": "06:00:00",
        "checkout_time_to": "12:00:00",
        "children_allowed": true,
        "extra_beds_available": true,
        "extra_bed_cost": null,
        "pets_allowed": true,
        "pet_fee": "8.51",
        "pet_details": "Only small pets allowed"
    }
},
{
    "model": "property.policy",
    "pk": 21,
    "fields": {
        "property": "6be9ad64-4e97-4e11-8be2-daf57cecbee2",
        "checkin_time_from": "14:00:00",
        "checkin_time_to": "23:00:00",
        "checkout_time_from": "06:00:00",
        "checkout_time_to": "12:00:00",
        "children_allowed": true,
        "extra_beds_available": false,
        "extra_bed_cost": null,
        "pets_allowed": true,
        "pet_fee": null,
        "pet_details": "Only small pets allowed"
    }
},
{
    "model": "property.policy",
    "pk": 22,
    "fields": {
        "property": "997c673a-fc22-45a3-b9c3-21b0ced0def1",
        "checkin_time_from": "14:00:00",
        "checkin_time_to": "23:00:00",
        "checkout_time_from": "06:00:00",
        "checkout_time_to": "12:00:00",
        "children_allowed": false,
        "extra_beds_available": true,
        "extra_bed_cost": null,
        "pets_allowed": true,
        "pet_fee": null,
        "pet_details": null
    }
},
{
    "model": "property.policy",
    "pk": 23,
    "fields": {
        "property": "dcef54b9-6c50-4225-a0c7-0c2b9188b9e6",
        "checkin_time_from": "14:00:00",
        "checkin_time_to": "23:00:00",
        "checkout_time_from": "06:00:00",
        "checkout_time_to": "12:00:00",
        "children_allowed": false,
        "extra_beds_available": true,
        "extra_bed_cost": "5.63",
        "pets_allowed": true,
        "pet_fee": null,
        "pet_details": "Only small pets allowed"
    }
},
{
    "model": "property.policy",
    "pk": 24,
    "fields": {
        "property": "66f700c4-d584-4589-8f3f-6780ffb456c4",
        "checkin_time_from": "14:00:00",
        "checkin_time_to": "23:00:00",
        "checkout_time_from": "06:00:00",
        "checkout_time_to": "12:00:00",
        "children_allowed": false,
        "extra_beds_available": true,
        "extra_bed_cost": "7.36",
        "pets_allowed": true,
        "pet_fee": null,
        "pet_details": "Only small pets allowed"
    }
},
{
    "model": "property.policy",
    "pk": 25,
    "fields": {
        "property": "7cb5f38e-cda8-4518-985e-75629131726b",
        "checkin_time_from": "14:00:00",
        "checkin_time_to": "23:00:00",
        "checkout_time_from": "06:00:00",
        "checkout_time_to": "12:00:00",
        "children_allowed": true,
        "extra_beds_available": true,
        "extra_bed_cost": null,
        "pets_allowed": true,
        "pet_fee": null,
        "pet_details": "Only small pets allowed"
    }
},
{
    "model": "property.policy",
    "pk": 26,
    "fields": {
        "property": "cbac6179-f796-4d5f-b7e5-ba56f5e33dde",
        "checkin_time_from": "14:00:00",
        "checkin_time_to": "23:00:00",
        "checkout_time_from": "06:00:00",
        "checkout_time_to": "12:00:00",
        "children_allowed": true,
        "extra_beds_available": false,
        "extra_bed_cost": null,
        "pets_allowed": false,
        "pet_fee": "7.48",
        "pet_details": "Only small pets allowed"
    }
},
{
    "model": "property.policy",
    "pk": 27,
    "fields": {
        "property": "687ec3ec-653f-4f4b-901c-74053caec362",
        "checkin_time_from": "14:00:00",
        "checkin_time_to": "23:00:00",
        "checkout_time_from": "06:00:00",
        "checkout_time_to": "12:00:00",
        "children_allowed": true,
        "extra_beds_available": false,
        "extra_bed_cost": "6.13",
        "pets_allowed": true,
        "pet_fee": null,
        "pet_details": null
    }
},
{
    "model": "property.policy",
    "pk": 28,
    "fields": {
        "property": "173f2477-adfa-491c-a776-82fde2a6f549",
        "checkin_time_from": "14:00:00",
        "checkin_time_to": "23:00:00",
        "checkout_time_from": "06:00:00",
        "checkout_time_to": "12:00:00",
        "children_allowed": false,
        "extra_beds_available": false,
        "extra_bed_cost": null,
        "pets_allowed": false,
        "pet_fee": "14.57",
        "pet_details": null
    }
},
{
    "model": "property.policy",
    "pk": 29,
    "fields": {
        "property": "c7aa8db6-9a29-4b29-a9b3-40c6edf6a6ce",
        "checkin_time_from": "14:00:00",
        "checkin_time_to": "23:00:00",
        "checkout_time_from": "06:00:00",
        "checkout_time_to": "12:00:00",
        "children_allowed": true,
        "extra_beds_available": true,
        "extra_bed_cost": "6.48",
        "pets_allowed": true,
        "pet_fee": null,
        "pet_details": null
    }
},
{
    "model": "property.cancellationpolicy",
    "pk": 1,
    "fields": {
        "property": "e3960ef5-ef08-4661-9767-2a0e3859c4be",
        "cancellations_allowed": true,
        "cancellation_deadline_days": 10,
        "cancellation_fee_type": "percentage",
        "cancellation_fee_amount": null,
        "refundable": true,
        "additional_notes": ""
    }
},
{
    "model": "property.cancellationpolicy",
    "pk": 2,
    "fields": {
        "property": "d67e4c88-dea8-448d-b662-c9ec41c69edd",
        "cancellations_allowed": true,
        "cancellation_deadline_days": 7,
        "cancellation_fee_type": "percentage",
        "cancellation_fee_amount": null,
        "refundable": true,
        "additional_notes": ""
    }
},
{
    "model": "property.cancellationpolicy",
    "pk": 3,
    "fields": {
        "property": "39c32a3a-b701-4537-acfb-3e7c9b2ccd50",
        "cancellations_allowed": true,
        "cancellation_deadline_days": 5,
        "cancellation_fee_type": "percentage",
        "cancellation_fee_amount": "10.00",
        "refundable": true,
        "additional_notes": "Free cancellation before 5 days"
    }
},
{
    "model": "property.cancellationpolicy",
    "pk": 4,
    "fields": {
        "property": "8868ac7b-bed8-4246-9397-efc2ab00e26c",
        "cancellations_allowed": true,
        "cancellation_deadline_days": 9,
        "cancellation_fee_type": "none",
        "cancellation_fee_amount": "19.84",
        "refundable": true,
        "additional_notes": "Cancellation policy applies as per booking terms."
    }
},
{
    "model": "property.cancellationpolicy",
    "pk": 5,
    "fields": {
        "property": "fabbed65-5ebf-4f82-8262-ac7e45f1e2a0",
        "cancellations_allowed": true,
        "cancellation_deadline_days": 5,
        "cancellation_fee_type": "percentage",
        "cancellation_fee_amount": "37.33",
        "refundable": false,
        "additional_notes": "Cancellation policy applies as per booking terms."
    }
},
{
    "model": "property.cancellationpolicy",
    "pk": 6,
    "fields": {
        "property": "ffce8ab2-1b5c-4974-aecf-dc27894b27f0",
        "cancellations_allowed": true,
        "cancellation_deadline_days": 5,
        "cancellation_fee_type": "none",
        "cancellation_fee_amount": "33.21",
        "refundable": false,
        "additional_notes": "Cancellation policy applies as per booking terms."
    }
},
{
    "model": "property.cancellationpolicy",
    "pk": 7,
    "fields": {
        "property": "bc3234bd-0979-488e-8cb7-fb9a83eba4dd",
        "cancellations_allowed": true,
        "cancellation_deadline_days": 3,
        "cancellation_fee_type": "fixed",
        "cancellation_fee_amount": "16.93",
        "refundable": false,
        "additional_notes": "Cancellation policy applies as per booking terms."
    }
},
{
    "model": "property.cancellationpolicy",
    "pk": 8,
    "fields": {
        "property": "4a853b3a-59b6-437d-b21c-e778d7896000",
        "cancellations_allowed": true,
        "cancellation_deadline_days": 6,
        "cancellation_fee_type": "fixed",
        "cancellation_fee_amount": "11.18",
        "refundable": false,
        "additional_notes": "Cancellation policy applies as per booking terms."
    }
},
{
    "model": "property.cancellationpolicy",
    "pk": 9,
    "fields": {
        "property": "6de4a41c-7ea6-4d33-8d06-89a011418e76",
        "cancellations_allowed": true,
        "cancellation_deadline_days": 10,
        "cancellation_fee_type": "fixed",
        "cancellation_fee_amount": "23.07",
        "refundable": false,
        "additional_notes": "Cancellation policy applies as per booking terms."
    }
},
{
    "model": "property.cancellationpolicy",
    "pk": 10,
    "fields": {
        "property": "90a12fff-daa2-4508-a5c7-1ae6f5f68230",
        "cancellations_allowed": true,
        "cancellation_deadline_days": 10,
        "cancellation_fee_type": "fixed",
        "cancellation_fee_amount": "35.28",
        "refundable": false,
        "additional_notes": "Cancellation policy applies as per booking terms."
    }
},
{
    "model": "property.cancellationpolicy",
    "pk": 11,
    "fields": {
        "property": "4929ab9f-51d9-43af-9644-13757b5fd367",
        "cancellations_allowed": true,
        "cancellation_deadline_days": 9,
        "cancellation_fee_type": "percentage",
        "cancellation_fee_amount": "49.58",
        "refundable": false,
        "additional_notes": "Cancellation policy applies as per booking terms."
    }
},
{
    "model": "property.cancellationpolicy",
    "pk": 12,
    "fields": {
        "property": "59135a0a-23a2-4f32-9276-6077255243b2",
        "cancellations_allowed": true,
        "cancellation_deadline_days": 5,
        "cancellation_fee_type": "percentage",
        "cancellation_fee_amount": "11.61",
        "refundable": false,
        "additional_notes": "Cancellation policy applies as per booking terms."
    }
},
{
    "model": "property.cancellationpolicy",
    "pk": 13,
    "fields": {
        "property": "8bbf4aaa-0b98-481e-a5c6-bf14abf768dd",
        "cancellations_allowed": true,
        "cancellation_deadline_days": 5,
        "cancellation_fee_type": "fixed",
        "cancellation_fee_amount": "19.59",
        "refundable": true,
        "additional_notes": "Cancellation policy applies as per booking terms."
    }
},
{
    "model": "property.cancellationpolicy",
    "pk": 14,
    "fields": {
        "property": "545fd787-7de8-4428-ba3c-d6212012cf49",
        "cancellations_allowed": true,
        "cancellation_deadline_days": 9,
        "cancellation_fee_type": "none",
        "cancellation_fee_amount": "12.99",
        "refundable": false,
        "additional_notes": "Cancellation policy applies as per booking terms."
    }
},
{
    "model": "property.cancellationpolicy",
    "pk": 15,
    "fields": {
        "property": "6be9ad64-4e97-4e11-8be2-daf57cecbee2",
        "cancellations_allowed": true,
        "cancellation_deadline_days": 8,
        "cancellation_fee_type": "fixed",
        "cancellation_fee_amount": "39.66",
        "refundable": true,
        "additional_notes": "Cancellation policy applies as per booking terms."
    }
},
{
    "model": "property.cancellationpolicy",
    "pk": 16,
    "fields": {
        "property": "997c673a-fc22-45a3-b9c3-21b0ced0def1",
        "cancellations_allowed": true,
        "cancellation_deadline_days": 3,
        "cancellation_fee_type": "fixed",
        "cancellation_fee_amount": "29.27",
        "refundable": true,
        "additional_notes": "Cancellation policy applies as per booking terms."
    }
},
{
    "model": "property.cancellationpolicy",
    "pk": 17,
    "fields": {
        "property": "dcef54b9-6c50-4225-a0c7-0c2b9188b9e6",
        "cancellations_allowed": true,
        "cancellation_deadline_days": 3,
        "cancellation_fee_type": "percentage",
        "cancellation_fee_amount": "23.78",
        "refundable": false,
        "additional_notes": "Cancellation policy applies as per booking terms."
    }
},
{
    "model": "property.cancellationpolicy",
    "pk": 18,
    "fields": {
        "property": "66f700c4-d584-4589-8f3f-6780ffb456c4",
        "cancellations_allowed": true,
        "cancellation_deadline_days": 10,
        "cancellation_fee_type": "none",
        "cancellation_fee_amount": "12.39",
        "refundable": false,
        "additional_notes": "Cancellation policy applies as per booking terms."
    }
},
{
    "model": "property.cancellationpolicy",
    "pk": 19,
    "fields": {
        "property": "7cb5f38e-cda8-4518-985e-75629131726b",
        "cancellations_allowed": true,
        "cancellation_deadline_days": 10,
        "cancellation_fee_type": "none",
        "cancellation_fee_amount": "13.19",
        "refundable": true,
        "additional_notes": "Cancellation policy applies as per booking terms."
    }
},
{
    "model": "property.cancellationpolicy",
    "pk": 20,
    "fields": {
        "property": "cbac6179-f796-4d5f-b7e5-ba56f5e33dde",
        "cancellations_allowed": true,
        "cancellation_deadline_days": 3,
        "cancellation_fee_type": "none",
        "cancellation_fee_amount": "23.94",
        "refundable": false,
        "additional_notes": "Cancellation policy applies as per booking terms."
    }
},
{
    "model": "property.cancellationpolicy",
    "pk": 21,
    "fields": {
        "property": "687ec3ec-653f-4f4b-901c-74053caec362",
        "cancellations_allowed": true,
        "cancellation_deadline_days": 10,
        "cancellation_fee_type": "percentage",
        "cancellation_fee_amount": "25.32",
        "refundable": true,
        "additional_notes": "Cancellation policy applies as per booking terms."
    }
},
{
    "model": "property.cancellationpolicy",
    "pk": 22,
    "fields": {
        "property": "173f2477-adfa-491c-a776-82fde2a6f549",
        "cancellations_allowed": true,
        "cancellation_deadline_days": 10,
        "cancellation_fee_type": "percentage",
        "cancellation_fee_amount": "45.77",
        "refundable": false,
        "additional_notes": "Cancellation policy applies as per booking terms."
    }
},
{
    "model": "property.cancellationpolicy",
    "pk": 23,
    "fields": {
        "property": "c7aa8db6-9a29-4b29-a9b3-40c6edf6a6ce",
        "cancellations_allowed": true,
        "cancellation_deadline_days": 5,
        "cancellation_fee_type": "percentage",
        "cancellation_fee_amount": "29.33",
        "refundable": false,
        "additional_notes": "Cancellation policy applies as per booking terms."
    }
},
{
    "model": "property.singleunitprice",
    "pk": 2,
    "fields": {
        "property": "39c32a3a-b701-4537-acfb-3e7c9b2ccd50",
        "base_price_per_night": "120.00",
        "seasonal_price": "150.00",
        "discount_percentage": 5.0,
        "currency": 1
    }
},
{
    "model": "property.singleunitprice",
    "pk": 3,
    "fields": {
        "property": "8868ac7b-bed8-4246-9397-efc2ab00e26c",
        "base_price_per_night": "129.86",
        "seasonal_price": "75.73",
        "discount_percentage": 2.0,
        "currency": 1
    }
},
{
    "model": "property.singleunitprice",
    "pk": 4,
    "fields": {
        "property": "fabbed65-5ebf-4f82-8262-ac7e45f1e2a0",
        "base_price_per_night": "122.91",
        "seasonal_price": "138.91",
        "discount_percentage": 4.0,
        "currency": 1
    }
},
{
    "model": "property.singleunitprice",
    "pk": 5,
    "fields": {
        "property": "ffce8ab2-1b5c-4974-aecf-dc27894b27f0",
        "base_price_per_night": "0.00",
        "seasonal_price": "0.00",
        "discount_percentage": 0.0,
        "currency": 1
    }
},
{
    "model": "property.singleunitprice",
    "pk": 6,
    "fields": {
        "property": "bc3234bd-0979-488e-8cb7-fb9a83eba4dd",
        "base_price_per_night": "130.21",
        "seasonal_price": "110.31",
        "discount_percentage": 6.0,
        "currency": 1
    }
},
{
    "model": "property.singleunitprice",
    "pk": 7,
    "fields": {
        "property": "4a853b3a-59b6-437d-b21c-e778d7896000",
        "base_price_per_night": "175.17",
        "seasonal_price": "185.17",
        "discount_percentage": 9.0,
        "currency": 1
    }
},
{
    "model": "property.singleunitprice",
    "pk": 8,
    "fields": {
        "property": "6de4a41c-7ea6-4d33-8d06-89a011418e76",
        "base_price_per_night": "93.41",
        "seasonal_price": "219.46",
        "discount_percentage": 14.0,
        "currency": 1
    }
},
{
    "model": "property.singleunitprice",
    "pk": 9,
    "fields": {
        "property": "90a12fff-daa2-4508-a5c7-1ae6f5f68230",
        "base_price_per_night": "144.94",
        "seasonal_price": "189.43",
        "discount_percentage": 13.0,
        "currency": 1
    }
},
{
    "model": "property.singleunitprice",
    "pk": 10,
    "fields": {
        "property": "4929ab9f-51d9-43af-9644-13757b5fd367",
        "base_price_per_night": "195.08",
        "seasonal_price": "201.97",
        "discount_percentage": 10.0,
        "currency": 1
    }
},
{
    "model": "property.singleunitprice",
    "pk": 11,
    "fields": {
        "property": "59135a0a-23a2-4f32-9276-6077255243b2",
        "base_price_per_night": "94.45",
        "seasonal_price": "145.11",
        "discount_percentage": 1.0,
        "currency": 1
    }
},
{
    "model": "property.singleunitprice",
    "pk": 12,
    "fields": {
        "property": "8bbf4aaa-0b98-481e-a5c6-bf14abf768dd",
        "base_price_per_night": "176.61",
        "seasonal_price": "77.85",
        "discount_percentage": 15.0,
        "currency": 1
    }
},
{
    "model": "property.singleunitprice",
    "pk": 13,
    "fields": {
        "property": "545fd787-7de8-4428-ba3c-d6212012cf49",
        "base_price_per_night": "101.11",
        "seasonal_price": "78.20",
        "discount_percentage": 0.0,
        "currency": 1
    }
},
{
    "model": "property.singleunitprice",
    "pk": 14,
    "fields": {
        "property": "6be9ad64-4e97-4e11-8be2-daf57cecbee2",
        "base_price_per_night": "161.77",
        "seasonal_price": "72.97",
        "discount_percentage": 6.0,
        "currency": 1
    }
},
{
    "model": "property.singleunitprice",
    "pk": 15,
    "fields": {
        "property": "997c673a-fc22-45a3-b9c3-21b0ced0def1",
        "base_price_per_night": "76.01",
        "seasonal_price": "212.55",
        "discount_percentage": 10.0,
        "currency": 1
    }
},
{
    "model": "property.singleunitprice",
    "pk": 16,
    "fields": {
        "property": "dcef54b9-6c50-4225-a0c7-0c2b9188b9e6",
        "base_price_per_night": "185.78",
        "seasonal_price": "82.97",
        "discount_percentage": 13.0,
        "currency": 1
    }
},
{
    "model": "property.singleunitprice",
    "pk": 17,
    "fields": {
        "property": "66f700c4-d584-4589-8f3f-6780ffb456c4",
        "base_price_per_night": "76.53",
        "seasonal_price": "223.91",
        "discount_percentage": 2.0,
        "currency": 1
    }
},
{
    "model": "property.singleunitprice",
    "pk": 18,
    "fields": {
        "property": "7cb5f38e-cda8-4518-985e-75629131726b",
        "base_price_per_night": "88.66",
        "seasonal_price": "184.10",
        "discount_percentage": 15.0,
        "currency": 1
    }
},
{
    "model": "property.singleunitprice",
    "pk": 19,
    "fields": {
        "property": "cbac6179-f796-4d5f-b7e5-ba56f5e33dde",
        "base_price_per_night": "182.54",
        "seasonal_price": "115.78",
        "discount_percentage": 15.0,
        "currency": 1
    }
},
{
    "model": "property.singleunitprice",
    "pk": 20,
    "fields": {
        "property": "687ec3ec-653f-4f4b-901c-74053caec362",
        "base_price_per_night": "97.78",
        "seasonal_price": "110.85",
        "discount_percentage": 6.0,
        "currency": 1
    }
},
{
    "model": "property.singleunitprice",
    "pk": 21,
    "fields": {
        "property": "173f2477-adfa-491c-a776-82fde2a6f549",
        "base_price_per_night": "69.47",
        "seasonal_price": "224.27",
        "discount_percentage": 7.0,
        "currency": 1
    }
},
{
    "model": "property.singleunitprice",
    "pk": 22,
    "fields": {
        "property": "c7aa8db6-9a29-4b29-a9b3-40c6edf6a6ce",
        "base_price_per_night": "193.95",
        "seasonal_price": "189.23",
        "discount_percentage": 7.0,
        "currency": 1
    }
},
{
    "model": "reviews.propertyreview",
    "pk": "6c7bb1b2-0b75-4f56-beff-3554cbbfb007",
    "fields": {
        "property_reviewed": "e3960ef5-ef08-4661-9767-2a0e3859c4be",
        "user": "c4585498-322c-4d74-ab28-478987716b27",
        "comment": "Good Service",
        "rating": 0.0,
        "parent": null,
        "created_at": "2025-02-19T07:16:06.728Z"
    }
},
{
    "model": "reviews.guestreview",
    "pk": "4b4fc610-86e7-4536-a693-7e495e472a1d",
    "fields": {
        "user": "c4585498-322c-4d74-ab28-478987716b27",
        "property": "e3960ef5-ef08-4661-9767-2a0e3859c4be",
        "staff": 7.4,
        "facilities": 4.2,
        "cleanliness": 6.1,
        "comfort": 3.8,
        "value_for_money": 5.0,
        "location": 5.2,
        "free_wifi": 5.0,
        "created_at": "2025-02-19T07:16:07.605Z"
    }
},
{
    "model": "rooms.bedtype",
    "pk": "1aa9366f-b101-483c-8eab-df69c945bebe",
    "fields": {
        "bed_type": "triple_beds"
    }
},
{
    "model": "rooms.bedtype",
    "pk": "40fa23d6-7dd9-4543-84dc-872eebc60507",
    "fields": {
        "bed_type": "crib"
    }
},
{
    "model": "rooms.bedtype",
    "pk": "621f8636-9a22-4272-8219-04f0be49ca76",
    "fields": {
        "bed_type": "double_bed"
    }
},
{
    "model": "rooms.bedtype",
    "pk": "6f7b4243-3741-4cbe-8112-a7d3d1fb48ae",
    "fields": {
        "bed_type": "single_bed"
    }
},
{
    "model": "rooms.bedtype",
    "pk": "755422bd-fee1-4f43-86bd-8b24cd4fd3f7",
    "fields": {
        "bed_type": "queen_bed"
    }
},
{
    "model": "rooms.bedtype",
    "pk": "81382665-cffe-4de4-a568-4e096bccdd63",
    "fields": {
        "bed_type": "bunk_bed"
    }
},
{
    "model": "rooms.bedtype",
    "pk": "93ab6e9c-5687-4f4b-b44e-63fb2fc3afcd",
    "fields": {
        "bed_type": "futon"
    }
},
{
    "model": "rooms.bedtype",
    "pk": "a4d79b7a-ca3f-462e-a209-d831c789265f",
    "fields": {
        "bed_type": "sofa_bed"
    }
},
{
    "model": "rooms.bedtype",
    "pk": "b6e248d7-9d02-4cbc-b555-351f1b638bf8",
    "fields": {
        "bed_type": "full_beds"
    }
},
{
    "model": "rooms.bedtype",
    "pk": "d130e83a-8218-409d-a935-4ba6da21ffb8",
    "fields": {
        "bed_type": "twin_beds"
    }
},
{
    "model": "rooms.bedtype",
    "pk": "e4a3c521-1882-4232-90b1-8bbd3528b434",
    "fields": {
        "bed_type": "quad_beds"
    }
},
{
    "model": "rooms.bedtype",
    "pk": "ec8f4f20-ddf4-44f3-9dff-0f2ae64ffc85",
    "fields": {
        "bed_type": "octuple_beds"
    }
},
{
    "model": "rooms.bedtype",
    "pk": "f2dd572e-9912-422f-bb9e-8022911d640b",
    "fields": {
        "bed_type": "king_bed"
    }
},
{
    "model": "rooms.roomamenities",
    "pk": "002160fa-b293-426b-8781-39f4317801c6",
    "fields": {
        "room_type": "1dc91456-2400-462c-8222-5e6f8374b3f4",
        "air_conditioning": false,
        "free_wifi": true,
        "television": true,
        "minibar": true,
        "wardrobe": false,
        "desk": true,
        "telephone": false,
        "safe": false,
        "soundproofing": true,
        "ironing_facilities": true,
        "extra_long_beds": true,
        "electric_blankets": true,
        "garden_view": false,
        "city_view": false,
        "mountain_view": true,
        "landmark_view": true,
        "pool_view": true,
        "attached_bathroom": false,
        "free_toiletries": false,
        "shower": true,
        "bathtub": false,
        "bidet": false,
        "hairdryer": false,
        "slippers": false,
        "towels": false,
        "toilet": false,
        "balcony": true,
        "patio": true,
        "terrace": false,
        "private_entrance": true,
        "kitchenette": false,
        "heating": true,
        "campfire_access": false,
        "outdoor_shower": false,
        "portable_restroom": false,
        "rv_hookup": false,
        "eco_friendly_facilities": false,
        "barbecue_grill": false,
        "picnic_area": false,
        "hammock": false,
        "outdoor_seating": false,
        "nature_trail_access": false
    }
},
{
    "model": "rooms.roomamenities",
    "pk": "027c19d5-530b-4657-b761-9b05f06b9885",
    "fields": {
        "room_type": "6d1781a4-05bd-423a-b6d7-4687a267ee9a",
        "air_conditioning": true,
        "free_wifi": true,
        "television": false,
        "minibar": true,
        "wardrobe": true,
        "desk": false,
        "telephone": true,
        "safe": false,
        "soundproofing": false,
        "ironing_facilities": true,
        "extra_long_beds": true,
        "electric_blankets": true,
        "garden_view": false,
        "city_view": true,
        "mountain_view": false,
        "landmark_view": false,
        "pool_view": true,
        "attached_bathroom": true,
        "free_toiletries": false,
        "shower": true,
        "bathtub": true,
        "bidet": false,
        "hairdryer": false,
        "slippers": false,
        "towels": false,
        "toilet": false,
        "balcony": false,
        "patio": true,
        "terrace": true,
        "private_entrance": true,
        "kitchenette": false,
        "heating": false,
        "campfire_access": false,
        "outdoor_shower": false,
        "portable_restroom": false,
        "rv_hookup": false,
        "eco_friendly_facilities": false,
        "barbecue_grill": false,
        "picnic_area": false,
        "hammock": false,
        "outdoor_seating": false,
        "nature_trail_access": false
    }
},
{
    "model": "rooms.roomamenities",
    "pk": "06f08978-dc9d-400b-ae78-27a48ffa945a",
    "fields": {
        "room_type": "92266e40-7515-49c2-8eda-67eb0aaa929c",
        "air_conditioning": true,
        "free_wifi": false,
        "television": true,
        "minibar": true,
        "wardrobe": false,
        "desk": false,
        "telephone": true,
        "safe": false,
        "soundproofing": false,
        "ironing_facilities": true,
        "extra_long_beds": true,
        "electric_blankets": true,
        "garden_view": false,
        "city_view": false,
        "mountain_view": true,
        "landmark_view": true,
        "pool_view": false,
        "attached_bathroom": true,
        "free_toiletries": true,
        "shower": true,
        "bathtub": true,
        "bidet": false,
        "hairdryer": false,
        "slippers": false,
        "towels": false,
        "toilet": false,
        "balcony": false,
        "patio": false,
        "terrace": true,
        "private_entrance": true,
        "kitchenette": true,
        "heating": false,
        "campfire_access": false,
        "outdoor_shower": false,
        "portable_restroom": false,
        "rv_hookup": false,
        "eco_friendly_facilities": false,
        "barbecue_grill": false,
        "picnic_area": false,
        "hammock": false,
        "outdoor_seating": false,
        "nature_trail_access": false
    }
},
{
    "model": "rooms.roomamenities",
    "pk": "0cff027c-10e8-49dc-b446-fa9fc6894fc0",
    "fields": {
        "room_type": "838745f8-50d3-45ad-a876-e4ad0f1b2ff0",
        "air_conditioning": false,
        "free_wifi": true,
        "television": false,
        "minibar": true,
        "wardrobe": false,
        "desk": false,
        "telephone": true,
        "safe": true,
        "soundproofing": false,
        "ironing_facilities": false,
        "extra_long_beds": true,
        "electric_blankets": false,
        "garden_view": false,
        "city_view": false,
        "mountain_view": false,
        "landmark_view": false,
        "pool_view": false,
        "attached_bathroom": true,
        "free_toiletries": false,
        "shower": true,
        "bathtub": false,
        "bidet": false,
        "hairdryer": false,
        "slippers": false,
        "towels": false,
        "toilet": false,
        "balcony": true,
        "patio": true,
        "terrace": true,
        "private_entrance": true,
        "kitchenette": true,
        "heating": true,
        "campfire_access": false,
        "outdoor_shower": false,
        "portable_restroom": false,
        "rv_hookup": false,
        "eco_friendly_facilities": false,
        "barbecue_grill": false,
        "picnic_area": false,
        "hammock": false,
        "outdoor_seating": false,
        "nature_trail_access": false
    }
},
{
    "model": "rooms.roomamenities",
    "pk": "1085acca-867b-47ab-acd0-f4b7a50f588d",
    "fields": {
        "room_type": "bf2565fb-0b3a-4878-8b56-65452818280a",
        "air_conditioning": false,
        "free_wifi": false,
        "television": false,
        "minibar": false,
        "wardrobe": true,
        "desk": true,
        "telephone": false,
        "safe": true,
        "soundproofing": true,
        "ironing_facilities": true,
        "extra_long_beds": true,
        "electric_blankets": false,
        "garden_view": false,
        "city_view": false,
        "mountain_view": false,
        "landmark_view": false,
        "pool_view": true,
        "attached_bathroom": false,
        "free_toiletries": false,
        "shower": true,
        "bathtub": false,
        "bidet": false,
        "hairdryer": false,
        "slippers": false,
        "towels": false,
        "toilet": false,
        "balcony": false,
        "patio": true,
        "terrace": false,
        "private_entrance": true,
        "kitchenette": true,
        "heating": true,
        "campfire_access": false,
        "outdoor_shower": false,
        "portable_restroom": false,
        "rv_hookup": false,
        "eco_friendly_facilities": false,
        "barbecue_grill": false,
        "picnic_area": false,
        "hammock": false,
        "outdoor_seating": false,
        "nature_trail_access": false
    }
},
{
    "model": "rooms.roomamenities",
    "pk": "12ae5a33-d30d-4597-92dd-449fb0bced98",
    "fields": {
        "room_type": "f17e60d3-9954-4fb2-b828-1801727967a1",
        "air_conditioning": true,
        "free_wifi": false,
        "television": true,
        "minibar": true,
        "wardrobe": false,
        "desk": false,
        "telephone": false,
        "safe": true,
        "soundproofing": false,
        "ironing_facilities": false,
        "extra_long_beds": true,
        "electric_blankets": false,
        "garden_view": true,
        "city_view": true,
        "mountain_view": false,
        "landmark_view": false,
        "pool_view": false,
        "attached_bathroom": false,
        "free_toiletries": false,
        "shower": true,
        "bathtub": false,
        "bidet": false,
        "hairdryer": false,
        "slippers": false,
        "towels": false,
        "toilet": false,
        "balcony": true,
        "patio": true,
        "terrace": false,
        "private_entrance": false,
        "kitchenette": false,
        "heating": true,
        "campfire_access": false,
        "outdoor_shower": false,
        "portable_restroom": false,
        "rv_hookup": false,
        "eco_friendly_facilities": false,
        "barbecue_grill": false,
        "picnic_area": false,
        "hammock": false,
        "outdoor_seating": false,
        "nature_trail_access": false
    }
},
{
    "model": "rooms.roomamenities",
    "pk": "1c685193-3285-4a83-8afb-87fa27c26d33",
    "fields": {
        "room_type": "c9936494-9590-4086-a76c-cbfad6b2d93f",
        "air_conditioning": false,
        "free_wifi": false,
        "television": true,
        "minibar": true,
        "wardrobe": false,
        "desk": false,
        "telephone": false,
        "safe": true,
        "soundproofing": true,
        "ironing_facilities": true,
        "extra_long_beds": true,
        "electric_blankets": false,
        "garden_view": true,
        "city_view": true,
        "mountain_view": true,
        "landmark_view": false,
        "pool_view": false,
        "attached_bathroom": false,
        "free_toiletries": true,
        "shower": false,
        "bathtub": true,
        "bidet": false,
        "hairdryer": false,
        "slippers": false,
        "towels": false,
        "toilet": false,
        "balcony": true,
        "patio": true,
        "terrace": true,
        "private_entrance": false,
        "kitchenette": false,
        "heating": true,
        "campfire_access": false,
        "outdoor_shower": false,
        "portable_restroom": false,
        "rv_hookup": false,
        "eco_friendly_facilities": false,
        "barbecue_grill": false,
        "picnic_area": false,
        "hammock": false,
        "outdoor_seating": false,
        "nature_trail_access": false
    }
},
{
    "model": "rooms.roomamenities",
    "pk": "1f86b662-f7dd-4b9a-9f07-30fe8b8830b0",
    "fields": {
        "room_type": "d9a53695-fe01-4fb8-be6d-015b844f580e",
        "air_conditioning": true,
        "free_wifi": true,
        "television": true,
        "minibar": false,
        "wardrobe": false,
        "desk": true,
        "telephone": false,
        "safe": false,
        "soundproofing": false,
        "ironing_facilities": true,
        "extra_long_beds": false,
        "electric_blankets": false,
        "garden_view": true,
        "city_view": false,
        "mountain_view": true,
        "landmark_view": true,
        "pool_view": true,
        "attached_bathroom": true,
        "free_toiletries": false,
        "shower": false,
        "bathtub": true,
        "bidet": false,
        "hairdryer": false,
        "slippers": false,
        "towels": false,
        "toilet": false,
        "balcony": false,
        "patio": false,
        "terrace": true,
        "private_entrance": false,
        "kitchenette": true,
        "heating": true,
        "campfire_access": false,
        "outdoor_shower": false,
        "portable_restroom": false,
        "rv_hookup": false,
        "eco_friendly_facilities": false,
        "barbecue_grill": false,
        "picnic_area": false,
        "hammock": false,
        "outdoor_seating": false,
        "nature_trail_access": false
    }
},
{
    "model": "rooms.roomamenities",
    "pk": "1fe82c3d-3b86-4eba-ae53-5509f2055c3d",
    "fields": {
        "room_type": "bd1ec55b-c805-47e7-b97c-84e04070c0f0",
        "air_conditioning": true,
        "free_wifi": false,
        "television": true,
        "minibar": false,
        "wardrobe": false,
        "desk": true,
        "telephone": false,
        "safe": true,
        "soundproofing": true,
        "ironing_facilities": true,
        "extra_long_beds": false,
        "electric_blankets": true,
        "garden_view": true,
        "city_view": false,
        "mountain_view": true,
        "landmark_view": false,
        "pool_view": true,
        "attached_bathroom": true,
        "free_toiletries": true,
        "shower": true,
        "bathtub": false,
        "bidet": false,
        "hairdryer": false,
        "slippers": false,
        "towels": false,
        "toilet": false,
        "balcony": false,
        "patio": true,
        "terrace": true,
        "private_entrance": false,
        "kitchenette": false,
        "heating": false,
        "campfire_access": false,
        "outdoor_shower": false,
        "portable_restroom": false,
        "rv_hookup": false,
        "eco_friendly_facilities": false,
        "barbecue_grill": false,
        "picnic_area": false,
        "hammock": false,
        "outdoor_seating": false,
        "nature_trail_access": false
    }
},
{
    "model": "rooms.roomamenities",
    "pk": "26d11230-ba6f-4bd6-8ee7-992486870d6f",
    "fields": {
        "room_type": "07e70f1b-e4c4-448d-90e4-f6864faf4622",
        "air_conditioning": true,
        "free_wifi": true,
        "television": false,
        "minibar": true,
        "wardrobe": false,
        "desk": false,
        "telephone": false,
        "safe": true,
        "soundproofing": false,
        "ironing_facilities": false,
        "extra_long_beds": false,
        "electric_blankets": true,
        "garden_view": false,
        "city_view": false,
        "mountain_view": false,
        "landmark_view": false,
        "pool_view": true,
        "attached_bathroom": false,
        "free_toiletries": true,
        "shower": true,
        "bathtub": false,
        "bidet": false,
        "hairdryer": false,
        "slippers": false,
        "towels": false,
        "toilet": false,
        "balcony": true,
        "patio": false,
        "terrace": true,
        "private_entrance": false,
        "kitchenette": false,
        "heating": false,
        "campfire_access": false,
        "outdoor_shower": false,
        "portable_restroom": false,
        "rv_hookup": false,
        "eco_friendly_facilities": false,
        "barbecue_grill": false,
        "picnic_area": false,
        "hammock": false,
        "outdoor_seating": false,
        "nature_trail_access": false
    }
},
{
    "model": "rooms.roomamenities",
    "pk": "2a292e46-b1dd-4a47-be14-e339099e4825",
    "fields": {
        "room_type": "b61d2de6-4278-4c5c-a9ea-887de82ea387",
        "air_conditioning": true,
        "free_wifi": true,
        "television": false,
        "minibar": true,
        "wardrobe": true,
        "desk": false,
        "telephone": false,
        "safe": true,
        "soundproofing": false,
        "ironing_facilities": false,
        "extra_long_beds": true,
        "electric_blankets": true,
        "garden_view": false,
        "city_view": true,
        "mountain_view": false,
        "landmark_view": true,
        "pool_view": false,
        "attached_bathroom": false,
        "free_toiletries": true,
        "shower": false,
        "bathtub": false,
        "bidet": false,
        "hairdryer": false,
        "slippers": false,
        "towels": false,
        "toilet": false,
        "balcony": true,
        "patio": false,
        "terrace": true,
        "private_entrance": true,
        "kitchenette": true,
        "heating": false,
        "campfire_access": false,
        "outdoor_shower": false,
        "portable_restroom": false,
        "rv_hookup": false,
        "eco_friendly_facilities": false,
        "barbecue_grill": false,
        "picnic_area": false,
        "hammock": false,
        "outdoor_seating": false,
        "nature_trail_access": false
    }
},
{
    "model": "rooms.roomamenities",
    "pk": "303ddfd8-03ba-4e3b-a2b2-9dbe39cd4e0d",
    "fields": {
        "room_type": "f747d301-44b3-4882-a18b-9c2e30ca0f2f",
        "air_conditioning": false,
        "free_wifi": true,
        "television": true,
        "minibar": true,
        "wardrobe": false,
        "desk": true,
        "telephone": true,
        "safe": false,
        "soundproofing": true,
        "ironing_facilities": false,
        "extra_long_beds": true,
        "electric_blankets": true,
        "garden_view": false,
        "city_view": false,
        "mountain_view": false,
        "landmark_view": false,
        "pool_view": false,
        "attached_bathroom": true,
        "free_toiletries": true,
        "shower": false,
        "bathtub": false,
        "bidet": false,
        "hairdryer": false,
        "slippers": false,
        "towels": false,
        "toilet": false,
        "balcony": true,
        "patio": true,
        "terrace": false,
        "private_entrance": true,
        "kitchenette": true,
        "heating": true,
        "campfire_access": false,
        "outdoor_shower": false,
        "portable_restroom": false,
        "rv_hookup": false,
        "eco_friendly_facilities": false,
        "barbecue_grill": false,
        "picnic_area": false,
        "hammock": false,
        "outdoor_seating": false,
        "nature_trail_access": false
    }
},
{
    "model": "rooms.roomamenities",
    "pk": "3228b83f-2917-42ba-949a-3ee7a0ad4fe1",
    "fields": {
        "room_type": "c494902e-44ee-4981-993e-824446a6bd40",
        "air_conditioning": false,
        "free_wifi": true,
        "television": false,
        "minibar": true,
        "wardrobe": true,
        "desk": true,
        "telephone": false,
        "safe": true,
        "soundproofing": false,
        "ironing_facilities": false,
        "extra_long_beds": true,
        "electric_blankets": false,
        "garden_view": false,
        "city_view": false,
        "mountain_view": false,
        "landmark_view": true,
        "pool_view": true,
        "attached_bathroom": false,
        "free_toiletries": true,
        "shower": false,
        "bathtub": false,
        "bidet": false,
        "hairdryer": false,
        "slippers": false,
        "towels": false,
        "toilet": false,
        "balcony": false,
        "patio": true,
        "terrace": true,
        "private_entrance": true,
        "kitchenette": true,
        "heating": true,
        "campfire_access": false,
        "outdoor_shower": false,
        "portable_restroom": false,
        "rv_hookup": false,
        "eco_friendly_facilities": false,
        "barbecue_grill": false,
        "picnic_area": false,
        "hammock": false,
        "outdoor_seating": false,
        "nature_trail_access": false
    }
},
{
    "model": "rooms.roomamenities",
    "pk": "3b73bb39-9b8f-4c35-81e6-66dff6a6dc43",
    "fields": {
        "room_type": "1f7e96e5-c221-4504-b0b8-b40414a30dac",
        "air_conditioning": true,
        "free_wifi": true,
        "television": false,
        "minibar": false,
        "wardrobe": false,
        "desk": true,
        "telephone": false,
        "safe": true,
        "soundproofing": true,
        "ironing_facilities": false,
        "extra_long_beds": false,
        "electric_blankets": false,
        "garden_view": false,
        "city_view": false,
        "mountain_view": false,
        "landmark_view": true,
        "pool_view": true,
        "attached_bathroom": true,
        "free_toiletries": true,
        "shower": true,
        "bathtub": false,
        "bidet": false,
        "hairdryer": false,
        "slippers": false,
        "towels": false,
        "toilet": false,
        "balcony": true,
        "patio": false,
        "terrace": false,
        "private_entrance": false,
        "kitchenette": false,
        "heating": true,
        "campfire_access": false,
        "outdoor_shower": false,
        "portable_restroom": false,
        "rv_hookup": false,
        "eco_friendly_facilities": false,
        "barbecue_grill": false,
        "picnic_area": false,
        "hammock": false,
        "outdoor_seating": false,
        "nature_trail_access": false
    }
},
{
    "model": "rooms.roomamenities",
    "pk": "40b7ab86-78ec-4764-a79c-450dfa62857c",
    "fields": {
        "room_type": "df609494-a05f-4bc1-9df5-9859787f186a",
        "air_conditioning": true,
        "free_wifi": true,
        "television": false,
        "minibar": false,
        "wardrobe": true,
        "desk": true,
        "telephone": true,
        "safe": false,
        "soundproofing": true,
        "ironing_facilities": true,
        "extra_long_beds": true,
        "electric_blankets": false,
        "garden_view": false,
        "city_view": false,
        "mountain_view": false,
        "landmark_view": false,
        "pool_view": true,
        "attached_bathroom": false,
        "free_toiletries": true,
        "shower": false,
        "bathtub": false,
        "bidet": false,
        "hairdryer": false,
        "slippers": false,
        "towels": false,
        "toilet": false,
        "balcony": false,
        "patio": false,
        "terrace": false,
        "private_entrance": true,
        "kitchenette": true,
        "heating": true,
        "campfire_access": false,
        "outdoor_shower": false,
        "portable_restroom": false,
        "rv_hookup": false,
        "eco_friendly_facilities": false,
        "barbecue_grill": false,
        "picnic_area": false,
        "hammock": false,
        "outdoor_seating": false,
        "nature_trail_access": false
    }
},
{
    "model": "rooms.roomamenities",
    "pk": "41507189-51c3-4dc3-8f02-24a0bc2eba8a",
    "fields": {
        "room_type": "203fc145-2c82-4351-bd7f-5794435165ed",
        "air_conditioning": true,
        "free_wifi": true,
        "television": false,
        "minibar": false,
        "wardrobe": true,
        "desk": true,
        "telephone": true,
        "safe": false,
        "soundproofing": false,
        "ironing_facilities": true,
        "extra_long_beds": true,
        "electric_blankets": false,
        "garden_view": false,
        "city_view": true,
        "mountain_view": false,
        "landmark_view": false,
        "pool_view": false,
        "attached_bathroom": false,
        "free_toiletries": true,
        "shower": false,
        "bathtub": true,
        "bidet": false,
        "hairdryer": false,
        "slippers": false,
        "towels": false,
        "toilet": false,
        "balcony": false,
        "patio": true,
        "terrace": true,
        "private_entrance": true,
        "kitchenette": false,
        "heating": false,
        "campfire_access": false,
        "outdoor_shower": false,
        "portable_restroom": false,
        "rv_hookup": false,
        "eco_friendly_facilities": false,
        "barbecue_grill": false,
        "picnic_area": false,
        "hammock": false,
        "outdoor_seating": false,
        "nature_trail_access": false
    }
},
{
    "model": "rooms.roomamenities",
    "pk": "57f1c2e9-6888-4ad1-ab77-3a23df45a56c",
    "fields": {
        "room_type": "aebf33ea-6dea-4118-8aa9-9cbcb1100a77",
        "air_conditioning": false,
        "free_wifi": false,
        "television": false,
        "minibar": false,
        "wardrobe": false,
        "desk": true,
        "telephone": false,
        "safe": false,
        "soundproofing": true,
        "ironing_facilities": true,
        "extra_long_beds": false,
        "electric_blankets": true,
        "garden_view": false,
        "city_view": true,
        "mountain_view": false,
        "landmark_view": true,
        "pool_view": true,
        "attached_bathroom": false,
        "free_toiletries": true,
        "shower": true,
        "bathtub": false,
        "bidet": false,
        "hairdryer": false,
        "slippers": false,
        "towels": false,
        "toilet": false,
        "balcony": true,
        "patio": true,
        "terrace": true,
        "private_entrance": false,
        "kitchenette": false,
        "heating": true,
        "campfire_access": false,
        "outdoor_shower": false,
        "portable_restroom": false,
        "rv_hookup": false,
        "eco_friendly_facilities": false,
        "barbecue_grill": false,
        "picnic_area": false,
        "hammock": false,
        "outdoor_seating": false,
        "nature_trail_access": false
    }
},
{
    "model": "rooms.roomamenities",
    "pk": "5a10773b-948f-4583-a63c-09d4f8af55b8",
    "fields": {
        "room_type": "3e471541-3d23-4f0e-baab-5ceee442f097",
        "air_conditioning": false,
        "free_wifi": true,
        "television": true,
        "minibar": false,
        "wardrobe": false,
        "desk": true,
        "telephone": true,
        "safe": true,
        "soundproofing": false,
        "ironing_facilities": true,
        "extra_long_beds": true,
        "electric_blankets": true,
        "garden_view": true,
        "city_view": false,
        "mountain_view": true,
        "landmark_view": false,
        "pool_view": true,
        "attached_bathroom": false,
        "free_toiletries": false,
        "shower": false,
        "bathtub": true,
        "bidet": false,
        "hairdryer": false,
        "slippers": false,
        "towels": false,
        "toilet": false,
        "balcony": true,
        "patio": false,
        "terrace": false,
        "private_entrance": true,
        "kitchenette": false,
        "heating": false,
        "campfire_access": false,
        "outdoor_shower": false,
        "portable_restroom": false,
        "rv_hookup": false,
        "eco_friendly_facilities": false,
        "barbecue_grill": false,
        "picnic_area": false,
        "hammock": false,
        "outdoor_seating": false,
        "nature_trail_access": false
    }
},
{
    "model": "rooms.roomamenities",
    "pk": "5a890cfc-8b4b-4bb9-a8e7-07c1c6b6efd7",
    "fields": {
        "room_type": "d8121301-4f22-4148-a10a-d5bd40962454",
        "air_conditioning": true,
        "free_wifi": false,
        "television": true,
        "minibar": false,
        "wardrobe": false,
        "desk": false,
        "telephone": false,
        "safe": true,
        "soundproofing": false,
        "ironing_facilities": false,
        "extra_long_beds": true,
        "electric_blankets": true,
        "garden_view": true,
        "city_view": false,
        "mountain_view": false,
        "landmark_view": false,
        "pool_view": true,
        "attached_bathroom": true,
        "free_toiletries": false,
        "shower": false,
        "bathtub": true,
        "bidet": false,
        "hairdryer": false,
        "slippers": false,
        "towels": false,
        "toilet": false,
        "balcony": false,
        "patio": false,
        "terrace": false,
        "private_entrance": false,
        "kitchenette": false,
        "heating": true,
        "campfire_access": false,
        "outdoor_shower": false,
        "portable_restroom": false,
        "rv_hookup": false,
        "eco_friendly_facilities": false,
        "barbecue_grill": false,
        "picnic_area": false,
        "hammock": false,
        "outdoor_seating": false,
        "nature_trail_access": false
    }
},
{
    "model": "rooms.roomamenities",
    "pk": "5fd06f69-aff0-46a6-9f2a-2a8ca17dc803",
    "fields": {
        "room_type": "08d91713-ccbd-4747-aad9-7f362c3ada6f",
        "air_conditioning": false,
        "free_wifi": true,
        "television": false,
        "minibar": true,
        "wardrobe": false,
        "desk": false,
        "telephone": false,
        "safe": false,
        "soundproofing": true,
        "ironing_facilities": false,
        "extra_long_beds": true,
        "electric_blankets": false,
        "garden_view": false,
        "city_view": true,
        "mountain_view": false,
        "landmark_view": true,
        "pool_view": true,
        "attached_bathroom": false,
        "free_toiletries": false,
        "shower": true,
        "bathtub": false,
        "bidet": false,
        "hairdryer": false,
        "slippers": false,
        "towels": false,
        "toilet": false,
        "balcony": true,
        "patio": true,
        "terrace": false,
        "private_entrance": true,
        "kitchenette": true,
        "heating": false,
        "campfire_access": false,
        "outdoor_shower": false,
        "portable_restroom": false,
        "rv_hookup": false,
        "eco_friendly_facilities": false,
        "barbecue_grill": false,
        "picnic_area": false,
        "hammock": false,
        "outdoor_seating": false,
        "nature_trail_access": false
    }
},
{
    "model": "rooms.roomamenities",
    "pk": "6043c8fd-50b4-4c71-aa57-ea114d45f22d",
    "fields": {
        "room_type": "a4b0fb6c-7d51-4430-95f8-4223dc1c2317",
        "air_conditioning": false,
        "free_wifi": true,
        "television": false,
        "minibar": false,
        "wardrobe": true,
        "desk": false,
        "telephone": false,
        "safe": true,
        "soundproofing": false,
        "ironing_facilities": true,
        "extra_long_beds": true,
        "electric_blankets": false,
        "garden_view": true,
        "city_view": true,
        "mountain_view": true,
        "landmark_view": false,
        "pool_view": false,
        "attached_bathroom": false,
        "free_toiletries": false,
        "shower": true,
        "bathtub": true,
        "bidet": false,
        "hairdryer": false,
        "slippers": false,
        "towels": false,
        "toilet": false,
        "balcony": true,
        "patio": false,
        "terrace": true,
        "private_entrance": true,
        "kitchenette": false,
        "heating": false,
        "campfire_access": false,
        "outdoor_shower": false,
        "portable_restroom": false,
        "rv_hookup": false,
        "eco_friendly_facilities": false,
        "barbecue_grill": false,
        "picnic_area": false,
        "hammock": false,
        "outdoor_seating": false,
        "nature_trail_access": false
    }
},
{
    "model": "rooms.roomamenities",
    "pk": "615eb9f9-8689-47d5-9296-2afb1e7bf4b0",
    "fields": {
        "room_type": "88f60ff6-0426-4434-b3ac-906878d987a3",
        "air_conditioning": false,
        "free_wifi": false,
        "television": false,
        "minibar": true,
        "wardrobe": false,
        "desk": false,
        "telephone": false,
        "safe": true,
        "soundproofing": false,
        "ironing_facilities": true,
        "extra_long_beds": false,
        "electric_blankets": false,
        "garden_view": false,
        "city_view": false,
        "mountain_view": false,
        "landmark_view": false,
        "pool_view": false,
        "attached_bathroom": true,
        "free_toiletries": true,
        "shower": false,
        "bathtub": true,
        "bidet": false,
        "hairdryer": false,
        "slippers": false,
        "towels": false,
        "toilet": false,
        "balcony": true,
        "patio": false,
        "terrace": false,
        "private_entrance": true,
        "kitchenette": true,
        "heating": false,
        "campfire_access": false,
        "outdoor_shower": false,
        "portable_restroom": false,
        "rv_hookup": false,
        "eco_friendly_facilities": false,
        "barbecue_grill": false,
        "picnic_area": false,
        "hammock": false,
        "outdoor_seating": false,
        "nature_trail_access": false
    }
},
{
    "model": "rooms.roomamenities",
    "pk": "624e2f85-c126-4985-96a8-ed686c84f5f8",
    "fields": {
        "room_type": "8c428a19-d6af-4adc-8147-8712af4b0cfe",
        "air_conditioning": false,
        "free_wifi": true,
        "television": false,
        "minibar": true,
        "wardrobe": true,
        "desk": true,
        "telephone": true,
        "safe": true,
        "soundproofing": true,
        "ironing_facilities": false,
        "extra_long_beds": false,
        "electric_blankets": false,
        "garden_view": false,
        "city_view": false,
        "mountain_view": false,
        "landmark_view": false,
        "pool_view": true,
        "attached_bathroom": true,
        "free_toiletries": true,
        "shower": true,
        "bathtub": true,
        "bidet": false,
        "hairdryer": false,
        "slippers": false,
        "towels": false,
        "toilet": false,
        "balcony": false,
        "patio": true,
        "terrace": true,
        "private_entrance": false,
        "kitchenette": false,
        "heating": true,
        "campfire_access": false,
        "outdoor_shower": false,
        "portable_restroom": false,
        "rv_hookup": false,
        "eco_friendly_facilities": false,
        "barbecue_grill": false,
        "picnic_area": false,
        "hammock": false,
        "outdoor_seating": false,
        "nature_trail_access": false
    }
},
{
    "model": "rooms.roomamenities",
    "pk": "666a0840-9431-45b5-beb8-f8a141c56092",
    "fields": {
        "room_type": "b8f2ac58-c611-4f82-9ef7-402f10ef7e6c",
        "air_conditioning": true,
        "free_wifi": false,
        "television": true,
        "minibar": true,
        "wardrobe": true,
        "desk": true,
        "telephone": true,
        "safe": true,
        "soundproofing": true,
        "ironing_facilities": false,
        "extra_long_beds": false,
        "electric_blankets": false,
        "garden_view": true,
        "city_view": true,
        "mountain_view": true,
        "landmark_view": false,
        "pool_view": false,
        "attached_bathroom": false,
        "free_toiletries": false,
        "shower": false,
        "bathtub": false,
        "bidet": false,
        "hairdryer": false,
        "slippers": false,
        "towels": false,
        "toilet": false,
        "balcony": false,
        "patio": false,
        "terrace": true,
        "private_entrance": false,
        "kitchenette": true,
        "heating": true,
        "campfire_access": false,
        "outdoor_shower": false,
        "portable_restroom": false,
        "rv_hookup": false,
        "eco_friendly_facilities": false,
        "barbecue_grill": false,
        "picnic_area": false,
        "hammock": false,
        "outdoor_seating": false,
        "nature_trail_access": false
    }
},
{
    "model": "rooms.roomamenities",
    "pk": "66b15387-c1df-4c03-b57c-1cb943de3f4e",
    "fields": {
        "room_type": "3e47cd58-efd3-46bd-8d60-2117e2d691d8",
        "air_conditioning": false,
        "free_wifi": false,
        "television": false,
        "minibar": true,
        "wardrobe": true,
        "desk": false,
        "telephone": true,
        "safe": false,
        "soundproofing": true,
        "ironing_facilities": false,
        "extra_long_beds": true,
        "electric_blankets": true,
        "garden_view": false,
        "city_view": true,
        "mountain_view": true,
        "landmark_view": false,
        "pool_view": false,
        "attached_bathroom": false,
        "free_toiletries": false,
        "shower": false,
        "bathtub": true,
        "bidet": false,
        "hairdryer": false,
        "slippers": false,
        "towels": false,
        "toilet": false,
        "balcony": false,
        "patio": false,
        "terrace": true,
        "private_entrance": true,
        "kitchenette": true,
        "heating": false,
        "campfire_access": false,
        "outdoor_shower": false,
        "portable_restroom": false,
        "rv_hookup": false,
        "eco_friendly_facilities": false,
        "barbecue_grill": false,
        "picnic_area": false,
        "hammock": false,
        "outdoor_seating": false,
        "nature_trail_access": false
    }
},
{
    "model": "rooms.roomamenities",
    "pk": "6c547047-a86b-4476-94f0-9d1d8439d2cb",
    "fields": {
        "room_type": "e20e14da-322f-411c-ac11-145eee648953",
        "air_conditioning": false,
        "free_wifi": false,
        "television": true,
        "minibar": false,
        "wardrobe": true,
        "desk": true,
        "telephone": false,
        "safe": true,
        "soundproofing": true,
        "ironing_facilities": false,
        "extra_long_beds": false,
        "electric_blankets": false,
        "garden_view": true,
        "city_view": true,
        "mountain_view": true,
        "landmark_view": false,
        "pool_view": true,
        "attached_bathroom": false,
        "free_toiletries": true,
        "shower": false,
        "bathtub": true,
        "bidet": false,
        "hairdryer": false,
        "slippers": false,
        "towels": false,
        "toilet": false,
        "balcony": true,
        "patio": true,
        "terrace": true,
        "private_entrance": true,
        "kitchenette": true,
        "heating": true,
        "campfire_access": false,
        "outdoor_shower": false,
        "portable_restroom": false,
        "rv_hookup": false,
        "eco_friendly_facilities": false,
        "barbecue_grill": false,
        "picnic_area": false,
        "hammock": false,
        "outdoor_seating": false,
        "nature_trail_access": false
    }
},
{
    "model": "rooms.roomamenities",
    "pk": "70438f92-7401-4992-a43e-a8ac647b5631",
    "fields": {
        "room_type": "42ef2b68-9fe1-4ed7-ac71-7aa2b0e5582d",
        "air_conditioning": false,
        "free_wifi": true,
        "television": true,
        "minibar": false,
        "wardrobe": false,
        "desk": false,
        "telephone": true,
        "safe": false,
        "soundproofing": false,
        "ironing_facilities": true,
        "extra_long_beds": false,
        "electric_blankets": true,
        "garden_view": false,
        "city_view": false,
        "mountain_view": false,
        "landmark_view": true,
        "pool_view": false,
        "attached_bathroom": true,
        "free_toiletries": true,
        "shower": false,
        "bathtub": true,
        "bidet": false,
        "hairdryer": false,
        "slippers": false,
        "towels": false,
        "toilet": false,
        "balcony": true,
        "patio": false,
        "terrace": false,
        "private_entrance": true,
        "kitchenette": true,
        "heating": false,
        "campfire_access": false,
        "outdoor_shower": false,
        "portable_restroom": false,
        "rv_hookup": false,
        "eco_friendly_facilities": false,
        "barbecue_grill": false,
        "picnic_area": false,
        "hammock": false,
        "outdoor_seating": false,
        "nature_trail_access": false
    }
},
{
    "model": "rooms.roomamenities",
    "pk": "72cc16bd-cc46-496a-b2db-a956ce132a1f",
    "fields": {
        "room_type": "55469316-cdfd-4f4a-9dd5-e68475ef669a",
        "air_conditioning": true,
        "free_wifi": true,
        "television": false,
        "minibar": false,
        "wardrobe": false,
        "desk": false,
        "telephone": false,
        "safe": true,
        "soundproofing": true,
        "ironing_facilities": true,
        "extra_long_beds": false,
        "electric_blankets": true,
        "garden_view": true,
        "city_view": false,
        "mountain_view": true,
        "landmark_view": true,
        "pool_view": false,
        "attached_bathroom": true,
        "free_toiletries": false,
        "shower": false,
        "bathtub": false,
        "bidet": false,
        "hairdryer": false,
        "slippers": false,
        "towels": false,
        "toilet": false,
        "balcony": true,
        "patio": true,
        "terrace": false,
        "private_entrance": false,
        "kitchenette": true,
        "heating": true,
        "campfire_access": false,
        "outdoor_shower": false,
        "portable_restroom": false,
        "rv_hookup": false,
        "eco_friendly_facilities": false,
        "barbecue_grill": false,
        "picnic_area": false,
        "hammock": false,
        "outdoor_seating": false,
        "nature_trail_access": false
    }
},
{
    "model": "rooms.roomamenities",
    "pk": "72ec98dd-3f1e-45de-9808-c03a0ad696ac",
    "fields": {
        "room_type": "20000e47-dfa6-45e5-839c-fdc37df8c56a",
        "air_conditioning": true,
        "free_wifi": true,
        "television": true,
        "minibar": false,
        "wardrobe": false,
        "desk": false,
        "telephone": false,
        "safe": true,
        "soundproofing": false,
        "ironing_facilities": true,
        "extra_long_beds": true,
        "electric_blankets": true,
        "garden_view": false,
        "city_view": true,
        "mountain_view": true,
        "landmark_view": false,
        "pool_view": true,
        "attached_bathroom": true,
        "free_toiletries": false,
        "shower": true,
        "bathtub": false,
        "bidet": false,
        "hairdryer": false,
        "slippers": false,
        "towels": false,
        "toilet": false,
        "balcony": false,
        "patio": true,
        "terrace": true,
        "private_entrance": true,
        "kitchenette": false,
        "heating": false,
        "campfire_access": false,
        "outdoor_shower": false,
        "portable_restroom": false,
        "rv_hookup": false,
        "eco_friendly_facilities": false,
        "barbecue_grill": false,
        "picnic_area": false,
        "hammock": false,
        "outdoor_seating": false,
        "nature_trail_access": false
    }
},
{
    "model": "rooms.roomamenities",
    "pk": "735f50b5-380e-4722-a6e8-65b0b694d2ab",
    "fields": {
        "room_type": "edcd8c87-0ab3-4e5c-91dc-15f34c651fd9",
        "air_conditioning": true,
        "free_wifi": true,
        "television": true,
        "minibar": false,
        "wardrobe": false,
        "desk": false,
        "telephone": true,
        "safe": true,
        "soundproofing": true,
        "ironing_facilities": true,
        "extra_long_beds": true,
        "electric_blankets": false,
        "garden_view": false,
        "city_view": false,
        "mountain_view": true,
        "landmark_view": false,
        "pool_view": false,
        "attached_bathroom": true,
        "free_toiletries": true,
        "shower": true,
        "bathtub": true,
        "bidet": false,
        "hairdryer": false,
        "slippers": false,
        "towels": false,
        "toilet": false,
        "balcony": false,
        "patio": true,
        "terrace": true,
        "private_entrance": false,
        "kitchenette": true,
        "heating": true,
        "campfire_access": false,
        "outdoor_shower": false,
        "portable_restroom": false,
        "rv_hookup": false,
        "eco_friendly_facilities": false,
        "barbecue_grill": false,
        "picnic_area": false,
        "hammock": false,
        "outdoor_seating": false,
        "nature_trail_access": false
    }
},
{
    "model": "rooms.roomamenities",
    "pk": "75c2b54c-afb1-4c07-803b-592a266f1461",
    "fields": {
        "room_type": "d793ff33-9b1a-4343-8e79-ca44379bfc1b",
        "air_conditioning": false,
        "free_wifi": true,
        "television": false,
        "minibar": true,
        "wardrobe": true,
        "desk": false,
        "telephone": true,
        "safe": false,
        "soundproofing": false,
        "ironing_facilities": false,
        "extra_long_beds": true,
        "electric_blankets": true,
        "garden_view": false,
        "city_view": false,
        "mountain_view": false,
        "landmark_view": true,
        "pool_view": false,
        "attached_bathroom": false,
        "free_toiletries": false,
        "shower": true,
        "bathtub": true,
        "bidet": false,
        "hairdryer": false,
        "slippers": false,
        "towels": false,
        "toilet": false,
        "balcony": true,
        "patio": false,
        "terrace": false,
        "private_entrance": true,
        "kitchenette": false,
        "heating": true,
        "campfire_access": false,
        "outdoor_shower": false,
        "portable_restroom": false,
        "rv_hookup": false,
        "eco_friendly_facilities": false,
        "barbecue_grill": false,
        "picnic_area": false,
        "hammock": false,
        "outdoor_seating": false,
        "nature_trail_access": false
    }
},
{
    "model": "rooms.roomamenities",
    "pk": "89b6ca3d-d963-4e29-850e-2d60c129f285",
    "fields": {
        "room_type": "01f31cd4-6d4e-42f3-b741-555de241ba5c",
        "air_conditioning": true,
        "free_wifi": true,
        "television": true,
        "minibar": true,
        "wardrobe": true,
        "desk": false,
        "telephone": false,
        "safe": false,
        "soundproofing": false,
        "ironing_facilities": false,
        "extra_long_beds": false,
        "electric_blankets": false,
        "garden_view": false,
        "city_view": false,
        "mountain_view": false,
        "landmark_view": false,
        "pool_view": false,
        "attached_bathroom": false,
        "free_toiletries": false,
        "shower": false,
        "bathtub": false,
        "bidet": false,
        "hairdryer": false,
        "slippers": false,
        "towels": false,
        "toilet": false,
        "balcony": false,
        "patio": false,
        "terrace": false,
        "private_entrance": false,
        "kitchenette": false,
        "heating": false,
        "campfire_access": false,
        "outdoor_shower": false,
        "portable_restroom": false,
        "rv_hookup": false,
        "eco_friendly_facilities": false,
        "barbecue_grill": false,
        "picnic_area": false,
        "hammock": false,
        "outdoor_seating": false,
        "nature_trail_access": false
    }
},
{
    "model": "rooms.roomamenities",
    "pk": "9aa0b66f-aeb5-4076-97f9-4ed6267248b9",
    "fields": {
        "room_type": "07ae57e3-ac4f-46f8-bcc6-b8cd59538670",
        "air_conditioning": false,
        "free_wifi": true,
        "television": true,
        "minibar": false,
        "wardrobe": false,
        "desk": false,
        "telephone": false,
        "safe": false,
        "soundproofing": false,
        "ironing_facilities": true,
        "extra_long_beds": false,
        "electric_blankets": true,
        "garden_view": true,
        "city_view": false,
        "mountain_view": false,
        "landmark_view": false,
        "pool_view": false,
        "attached_bathroom": false,
        "free_toiletries": true,
        "shower": false,
        "bathtub": false,
        "bidet": false,
        "hairdryer": false,
        "slippers": false,
        "towels": false,
        "toilet": false,
        "balcony": false,
        "patio": false,
        "terrace": false,
        "private_entrance": false,
        "kitchenette": true,
        "heating": false,
        "campfire_access": false,
        "outdoor_shower": false,
        "portable_restroom": false,
        "rv_hookup": false,
        "eco_friendly_facilities": false,
        "barbecue_grill": false,
        "picnic_area": false,
        "hammock": false,
        "outdoor_seating": false,
        "nature_trail_access": false
    }
},
{
    "model": "rooms.roomamenities",
    "pk": "9b854beb-7da7-4726-9a56-522f5bc87671",
    "fields": {
        "room_type": "7f89704c-d8c6-4f95-afcc-a1218166f0d6",
        "air_conditioning": true,
        "free_wifi": false,
        "television": true,
        "minibar": true,
        "wardrobe": true,
        "desk": false,
        "telephone": false,
        "safe": true,
        "soundproofing": true,
        "ironing_facilities": true,
        "extra_long_beds": true,
        "electric_blankets": false,
        "garden_view": false,
        "city_view": false,
        "mountain_view": false,
        "landmark_view": true,
        "pool_view": true,
        "attached_bathroom": true,
        "free_toiletries": false,
        "shower": false,
        "bathtub": true,
        "bidet": false,
        "hairdryer": false,
        "slippers": false,
        "towels": false,
        "toilet": false,
        "balcony": true,
        "patio": false,
        "terrace": true,
        "private_entrance": false,
        "kitchenette": false,
        "heating": true,
        "campfire_access": false,
        "outdoor_shower": false,
        "portable_restroom": false,
        "rv_hookup": false,
        "eco_friendly_facilities": false,
        "barbecue_grill": false,
        "picnic_area": false,
        "hammock": false,
        "outdoor_seating": false,
        "nature_trail_access": false
    }
},
{
    "model": "rooms.roomamenities",
    "pk": "9fb7b28b-77c8-455f-8463-e0f02089118f",
    "fields": {
        "room_type": "ce72f9bc-b298-4fdd-9ab2-a94b3cb1a8eb",
        "air_conditioning": true,
        "free_wifi": false,
        "television": false,
        "minibar": false,
        "wardrobe": false,
        "desk": true,
        "telephone": false,
        "safe": false,
        "soundproofing": false,
        "ironing_facilities": false,
        "extra_long_beds": true,
        "electric_blankets": false,
        "garden_view": true,
        "city_view": false,
        "mountain_view": false,
        "landmark_view": false,
        "pool_view": false,
        "attached_bathroom": false,
        "free_toiletries": false,
        "shower": true,
        "bathtub": false,
        "bidet": false,
        "hairdryer": false,
        "slippers": false,
        "towels": false,
        "toilet": false,
        "balcony": false,
        "patio": true,
        "terrace": false,
        "private_entrance": false,
        "kitchenette": false,
        "heating": true,
        "campfire_access": false,
        "outdoor_shower": false,
        "portable_restroom": false,
        "rv_hookup": false,
        "eco_friendly_facilities": false,
        "barbecue_grill": false,
        "picnic_area": false,
        "hammock": false,
        "outdoor_seating": false,
        "nature_trail_access": false
    }
},
{
    "model": "rooms.roomamenities",
    "pk": "a0c80ca7-ba63-4db7-8672-d1e7af60671b",
    "fields": {
        "room_type": "133c2c1f-88d1-4b30-952e-8b74a876f67b",
        "air_conditioning": true,
        "free_wifi": false,
        "television": true,
        "minibar": false,
        "wardrobe": false,
        "desk": true,
        "telephone": false,
        "safe": true,
        "soundproofing": true,
        "ironing_facilities": true,
        "extra_long_beds": true,
        "electric_blankets": true,
        "garden_view": true,
        "city_view": false,
        "mountain_view": false,
        "landmark_view": false,
        "pool_view": true,
        "attached_bathroom": false,
        "free_toiletries": true,
        "shower": true,
        "bathtub": false,
        "bidet": false,
        "hairdryer": false,
        "slippers": false,
        "towels": false,
        "toilet": false,
        "balcony": false,
        "patio": false,
        "terrace": true,
        "private_entrance": false,
        "kitchenette": false,
        "heating": false,
        "campfire_access": false,
        "outdoor_shower": false,
        "portable_restroom": false,
        "rv_hookup": false,
        "eco_friendly_facilities": false,
        "barbecue_grill": false,
        "picnic_area": false,
        "hammock": false,
        "outdoor_seating": false,
        "nature_trail_access": false
    }
},
{
    "model": "rooms.roomamenities",
    "pk": "a16298e9-e821-4116-a27a-2ace57e6444f",
    "fields": {
        "room_type": "08c9c048-df5a-4cc2-a0d3-0f0f7b722d29",
        "air_conditioning": false,
        "free_wifi": true,
        "television": false,
        "minibar": true,
        "wardrobe": false,
        "desk": true,
        "telephone": false,
        "safe": true,
        "soundproofing": true,
        "ironing_facilities": false,
        "extra_long_beds": true,
        "electric_blankets": false,
        "garden_view": true,
        "city_view": true,
        "mountain_view": false,
        "landmark_view": true,
        "pool_view": false,
        "attached_bathroom": true,
        "free_toiletries": false,
        "shower": true,
        "bathtub": true,
        "bidet": false,
        "hairdryer": false,
        "slippers": false,
        "towels": false,
        "toilet": false,
        "balcony": true,
        "patio": true,
        "terrace": true,
        "private_entrance": false,
        "kitchenette": false,
        "heating": true,
        "campfire_access": false,
        "outdoor_shower": false,
        "portable_restroom": false,
        "rv_hookup": false,
        "eco_friendly_facilities": false,
        "barbecue_grill": false,
        "picnic_area": false,
        "hammock": false,
        "outdoor_seating": false,
        "nature_trail_access": false
    }
},
{
    "model": "rooms.roomamenities",
    "pk": "a17ab0e6-4a09-46e7-b565-579b3add931e",
    "fields": {
        "room_type": "d4305b44-af3f-452e-a8fb-5a5005d0d88d",
        "air_conditioning": false,
        "free_wifi": false,
        "television": false,
        "minibar": true,
        "wardrobe": true,
        "desk": false,
        "telephone": false,
        "safe": true,
        "soundproofing": true,
        "ironing_facilities": false,
        "extra_long_beds": false,
        "electric_blankets": false,
        "garden_view": false,
        "city_view": true,
        "mountain_view": true,
        "landmark_view": true,
        "pool_view": false,
        "attached_bathroom": false,
        "free_toiletries": true,
        "shower": true,
        "bathtub": true,
        "bidet": false,
        "hairdryer": false,
        "slippers": false,
        "towels": false,
        "toilet": false,
        "balcony": true,
        "patio": false,
        "terrace": true,
        "private_entrance": false,
        "kitchenette": true,
        "heating": true,
        "campfire_access": false,
        "outdoor_shower": false,
        "portable_restroom": false,
        "rv_hookup": false,
        "eco_friendly_facilities": false,
        "barbecue_grill": false,
        "picnic_area": false,
        "hammock": false,
        "outdoor_seating": false,
        "nature_trail_access": false
    }
},
{
    "model": "rooms.roomamenities",
    "pk": "a6af8ffb-5d8a-4fb8-b844-940ace601486",
    "fields": {
        "room_type": "7ccb0a0f-2936-4c87-a3c8-389d40869682",
        "air_conditioning": true,
        "free_wifi": true,
        "television": true,
        "minibar": true,
        "wardrobe": true,
        "desk": false,
        "telephone": true,
        "safe": true,
        "soundproofing": true,
        "ironing_facilities": false,
        "extra_long_beds": false,
        "electric_blankets": false,
        "garden_view": true,
        "city_view": false,
        "mountain_view": true,
        "landmark_view": false,
        "pool_view": false,
        "attached_bathroom": true,
        "free_toiletries": true,
        "shower": true,
        "bathtub": true,
        "bidet": false,
        "hairdryer": false,
        "slippers": false,
        "towels": false,
        "toilet": false,
        "balcony": false,
        "patio": false,
        "terrace": false,
        "private_entrance": true,
        "kitchenette": false,
        "heating": false,
        "campfire_access": false,
        "outdoor_shower": false,
        "portable_restroom": false,
        "rv_hookup": false,
        "eco_friendly_facilities": false,
        "barbecue_grill": false,
        "picnic_area": false,
        "hammock": false,
        "outdoor_seating": false,
        "nature_trail_access": false
    }
},
{
    "model": "rooms.roomamenities",
    "pk": "a887b3e3-c292-4879-a67c-3cc38ec3589a",
    "fields": {
        "room_type": "d2cc2c69-1d9a-44b5-818f-0b23e7a97f1b",
        "air_conditioning": true,
        "free_wifi": true,
        "television": false,
        "minibar": true,
        "wardrobe": false,
        "desk": true,
        "telephone": false,
        "safe": true,
        "soundproofing": false,
        "ironing_facilities": false,
        "extra_long_beds": false,
        "electric_blankets": true,
        "garden_view": false,
        "city_view": false,
        "mountain_view": true,
        "landmark_view": true,
        "pool_view": false,
        "attached_bathroom": true,
        "free_toiletries": false,
        "shower": true,
        "bathtub": false,
        "bidet": false,
        "hairdryer": false,
        "slippers": false,
        "towels": false,
        "toilet": false,
        "balcony": false,
        "patio": true,
        "terrace": true,
        "private_entrance": true,
        "kitchenette": true,
        "heating": true,
        "campfire_access": false,
        "outdoor_shower": false,
        "portable_restroom": false,
        "rv_hookup": false,
        "eco_friendly_facilities": false,
        "barbecue_grill": false,
        "picnic_area": false,
        "hammock": false,
        "outdoor_seating": false,
        "nature_trail_access": false
    }
},
{
    "model": "rooms.roomamenities",
    "pk": "a95a59c7-c3e5-46f0-8942-eba401b2df89",
    "fields": {
        "room_type": "ba76fdbb-3902-49ad-82b1-8df5f370f0f7",
        "air_conditioning": false,
        "free_wifi": true,
        "television": false,
        "minibar": true,
        "wardrobe": false,
        "desk": false,
        "telephone": true,
        "safe": true,
        "soundproofing": true,
        "ironing_facilities": true,
        "extra_long_beds": true,
        "electric_blankets": true,
        "garden_view": true,
        "city_view": true,
        "mountain_view": true,
        "landmark_view": true,
        "pool_view": false,
        "attached_bathroom": true,
        "free_toiletries": false,
        "shower": true,
        "bathtub": true,
        "bidet": false,
        "hairdryer": false,
        "slippers": false,
        "towels": false,
        "toilet": false,
        "balcony": true,
        "patio": true,
        "terrace": false,
        "private_entrance": true,
        "kitchenette": false,
        "heating": true,
        "campfire_access": false,
        "outdoor_shower": false,
        "portable_restroom": false,
        "rv_hookup": false,
        "eco_friendly_facilities": false,
        "barbecue_grill": false,
        "picnic_area": false,
        "hammock": false,
        "outdoor_seating": false,
        "nature_trail_access": false
    }
},
{
    "model": "rooms.roomamenities",
    "pk": "ae0121a7-4337-45aa-876a-d91696af6fc6",
    "fields": {
        "room_type": "de763414-6657-45ae-9da8-6a8908f3a238",
        "air_conditioning": false,
        "free_wifi": true,
        "television": false,
        "minibar": true,
        "wardrobe": true,
        "desk": false,
        "telephone": false,
        "safe": true,
        "soundproofing": false,
        "ironing_facilities": true,
        "extra_long_beds": false,
        "electric_blankets": true,
        "garden_view": false,
        "city_view": true,
        "mountain_view": false,
        "landmark_view": false,
        "pool_view": true,
        "attached_bathroom": true,
        "free_toiletries": true,
        "shower": false,
        "bathtub": false,
        "bidet": false,
        "hairdryer": false,
        "slippers": false,
        "towels": false,
        "toilet": false,
        "balcony": true,
        "patio": true,
        "terrace": true,
        "private_entrance": false,
        "kitchenette": false,
        "heating": true,
        "campfire_access": false,
        "outdoor_shower": false,
        "portable_restroom": false,
        "rv_hookup": false,
        "eco_friendly_facilities": false,
        "barbecue_grill": false,
        "picnic_area": false,
        "hammock": false,
        "outdoor_seating": false,
        "nature_trail_access": false
    }
},
{
    "model": "rooms.roomamenities",
    "pk": "ae2f7c7f-c2cd-428b-83c8-37180d03b7d4",
    "fields": {
        "room_type": "01073179-2834-4839-ab5b-3455aa15c4e8",
        "air_conditioning": false,
        "free_wifi": false,
        "television": true,
        "minibar": false,
        "wardrobe": false,
        "desk": true,
        "telephone": false,
        "safe": true,
        "soundproofing": false,
        "ironing_facilities": true,
        "extra_long_beds": true,
        "electric_blankets": false,
        "garden_view": true,
        "city_view": true,
        "mountain_view": false,
        "landmark_view": false,
        "pool_view": false,
        "attached_bathroom": false,
        "free_toiletries": true,
        "shower": false,
        "bathtub": false,
        "bidet": false,
        "hairdryer": false,
        "slippers": false,
        "towels": false,
        "toilet": false,
        "balcony": false,
        "patio": false,
        "terrace": true,
        "private_entrance": true,
        "kitchenette": false,
        "heating": true,
        "campfire_access": false,
        "outdoor_shower": false,
        "portable_restroom": false,
        "rv_hookup": false,
        "eco_friendly_facilities": false,
        "barbecue_grill": false,
        "picnic_area": false,
        "hammock": false,
        "outdoor_seating": false,
        "nature_trail_access": false
    }
},
{
    "model": "rooms.roomamenities",
    "pk": "b041cc4f-d721-4e99-ace7-bafc85da9f32",
    "fields": {
        "room_type": "2f645889-a107-462c-a898-7e85142fe7d9",
        "air_conditioning": false,
        "free_wifi": true,
        "television": true,
        "minibar": false,
        "wardrobe": false,
        "desk": true,
        "telephone": false,
        "safe": false,
        "soundproofing": false,
        "ironing_facilities": false,
        "extra_long_beds": false,
        "electric_blankets": true,
        "garden_view": true,
        "city_view": true,
        "mountain_view": false,
        "landmark_view": true,
        "pool_view": true,
        "attached_bathroom": true,
        "free_toiletries": false,
        "shower": true,
        "bathtub": true,
        "bidet": false,
        "hairdryer": false,
        "slippers": false,
        "towels": false,
        "toilet": false,
        "balcony": true,
        "patio": false,
        "terrace": false,
        "private_entrance": false,
        "kitchenette": false,
        "heating": false,
        "campfire_access": false,
        "outdoor_shower": false,
        "portable_restroom": false,
        "rv_hookup": false,
        "eco_friendly_facilities": false,
        "barbecue_grill": false,
        "picnic_area": false,
        "hammock": false,
        "outdoor_seating": false,
        "nature_trail_access": false
    }
},
{
    "model": "rooms.roomamenities",
    "pk": "b623fc5b-94ea-452e-88bc-e2a97587d593",
    "fields": {
        "room_type": "ae830a9c-bf9e-494b-8ef3-91ec037389f4",
        "air_conditioning": true,
        "free_wifi": true,
        "television": false,
        "minibar": true,
        "wardrobe": true,
        "desk": false,
        "telephone": true,
        "safe": false,
        "soundproofing": false,
        "ironing_facilities": false,
        "extra_long_beds": false,
        "electric_blankets": true,
        "garden_view": false,
        "city_view": true,
        "mountain_view": true,
        "landmark_view": false,
        "pool_view": false,
        "attached_bathroom": true,
        "free_toiletries": true,
        "shower": false,
        "bathtub": true,
        "bidet": false,
        "hairdryer": false,
        "slippers": false,
        "towels": false,
        "toilet": false,
        "balcony": false,
        "patio": true,
        "terrace": true,
        "private_entrance": false,
        "kitchenette": false,
        "heating": false,
        "campfire_access": false,
        "outdoor_shower": false,
        "portable_restroom": false,
        "rv_hookup": false,
        "eco_friendly_facilities": false,
        "barbecue_grill": false,
        "picnic_area": false,
        "hammock": false,
        "outdoor_seating": false,
        "nature_trail_access": false
    }
},
{
    "model": "rooms.roomamenities",
    "pk": "b8e0fa66-1abf-451d-a0c5-20da83ce1cdf",
    "fields": {
        "room_type": "19a0df8d-b10c-422a-8faf-943660b8bce8",
        "air_conditioning": true,
        "free_wifi": true,
        "television": true,
        "minibar": true,
        "wardrobe": false,
        "desk": true,
        "telephone": false,
        "safe": false,
        "soundproofing": true,
        "ironing_facilities": false,
        "extra_long_beds": false,
        "electric_blankets": true,
        "garden_view": true,
        "city_view": true,
        "mountain_view": true,
        "landmark_view": true,
        "pool_view": true,
        "attached_bathroom": true,
        "free_toiletries": false,
        "shower": true,
        "bathtub": false,
        "bidet": false,
        "hairdryer": false,
        "slippers": false,
        "towels": false,
        "toilet": false,
        "balcony": true,
        "patio": true,
        "terrace": true,
        "private_entrance": true,
        "kitchenette": true,
        "heating": true,
        "campfire_access": false,
        "outdoor_shower": false,
        "portable_restroom": false,
        "rv_hookup": false,
        "eco_friendly_facilities": false,
        "barbecue_grill": false,
        "picnic_area": false,
        "hammock": false,
        "outdoor_seating": false,
        "nature_trail_access": false
    }
},
{
    "model": "rooms.roomamenities",
    "pk": "bb08c476-068b-44e2-8ed9-d4a9b4066f70",
    "fields": {
        "room_type": "5db1cc48-948a-41ec-b6d6-14a9db643a05",
        "air_conditioning": true,
        "free_wifi": true,
        "television": true,
        "minibar": false,
        "wardrobe": false,
        "desk": true,
        "telephone": false,
        "safe": false,
        "soundproofing": true,
        "ironing_facilities": true,
        "extra_long_beds": true,
        "electric_blankets": true,
        "garden_view": true,
        "city_view": false,
        "mountain_view": true,
        "landmark_view": false,
        "pool_view": true,
        "attached_bathroom": false,
        "free_toiletries": true,
        "shower": false,
        "bathtub": true,
        "bidet": false,
        "hairdryer": false,
        "slippers": false,
        "towels": false,
        "toilet": false,
        "balcony": false,
        "patio": true,
        "terrace": false,
        "private_entrance": true,
        "kitchenette": false,
        "heating": false,
        "campfire_access": false,
        "outdoor_shower": false,
        "portable_restroom": false,
        "rv_hookup": false,
        "eco_friendly_facilities": false,
        "barbecue_grill": false,
        "picnic_area": false,
        "hammock": false,
        "outdoor_seating": false,
        "nature_trail_access": false
    }
},
{
    "model": "rooms.roomamenities",
    "pk": "bdbfe539-9ce8-4ddb-9092-69320bee8d64",
    "fields": {
        "room_type": "d847cc23-f87e-470a-8ec8-8430899ecc29",
        "air_conditioning": true,
        "free_wifi": true,
        "television": true,
        "minibar": false,
        "wardrobe": false,
        "desk": true,
        "telephone": true,
        "safe": false,
        "soundproofing": false,
        "ironing_facilities": true,
        "extra_long_beds": false,
        "electric_blankets": true,
        "garden_view": false,
        "city_view": true,
        "mountain_view": true,
        "landmark_view": true,
        "pool_view": true,
        "attached_bathroom": false,
        "free_toiletries": false,
        "shower": true,
        "bathtub": false,
        "bidet": false,
        "hairdryer": false,
        "slippers": false,
        "towels": false,
        "toilet": false,
        "balcony": false,
        "patio": false,
        "terrace": true,
        "private_entrance": false,
        "kitchenette": true,
        "heating": true,
        "campfire_access": false,
        "outdoor_shower": false,
        "portable_restroom": false,
        "rv_hookup": false,
        "eco_friendly_facilities": false,
        "barbecue_grill": false,
        "picnic_area": false,
        "hammock": false,
        "outdoor_seating": false,
        "nature_trail_access": false
    }
},
{
    "model": "rooms.roomamenities",
    "pk": "c2a1e6e0-b23e-4493-bf61-856f36f36504",
    "fields": {
        "room_type": "b57cc3ca-9ad3-4182-8a9e-72b0847c7d58",
        "air_conditioning": false,
        "free_wifi": false,
        "television": false,
        "minibar": false,
        "wardrobe": false,
        "desk": true,
        "telephone": false,
        "safe": true,
        "soundproofing": true,
        "ironing_facilities": false,
        "extra_long_beds": true,
        "electric_blankets": false,
        "garden_view": false,
        "city_view": true,
        "mountain_view": false,
        "landmark_view": true,
        "pool_view": false,
        "attached_bathroom": false,
        "free_toiletries": true,
        "shower": true,
        "bathtub": true,
        "bidet": false,
        "hairdryer": false,
        "slippers": false,
        "towels": false,
        "toilet": false,
        "balcony": true,
        "patio": false,
        "terrace": true,
        "private_entrance": false,
        "kitchenette": true,
        "heating": false,
        "campfire_access": false,
        "outdoor_shower": false,
        "portable_restroom": false,
        "rv_hookup": false,
        "eco_friendly_facilities": false,
        "barbecue_grill": false,
        "picnic_area": false,
        "hammock": false,
        "outdoor_seating": false,
        "nature_trail_access": false
    }
},
{
    "model": "rooms.roomamenities",
    "pk": "c36235a3-210f-427e-a0d2-bc574283473f",
    "fields": {
        "room_type": "703f5eb2-e7e0-409a-9c9f-3aba94269f8a",
        "air_conditioning": false,
        "free_wifi": false,
        "television": true,
        "minibar": true,
        "wardrobe": true,
        "desk": true,
        "telephone": true,
        "safe": true,
        "soundproofing": false,
        "ironing_facilities": true,
        "extra_long_beds": true,
        "electric_blankets": true,
        "garden_view": false,
        "city_view": false,
        "mountain_view": false,
        "landmark_view": false,
        "pool_view": true,
        "attached_bathroom": true,
        "free_toiletries": true,
        "shower": false,
        "bathtub": false,
        "bidet": false,
        "hairdryer": false,
        "slippers": false,
        "towels": false,
        "toilet": false,
        "balcony": false,
        "patio": false,
        "terrace": true,
        "private_entrance": true,
        "kitchenette": true,
        "heating": true,
        "campfire_access": false,
        "outdoor_shower": false,
        "portable_restroom": false,
        "rv_hookup": false,
        "eco_friendly_facilities": false,
        "barbecue_grill": false,
        "picnic_area": false,
        "hammock": false,
        "outdoor_seating": false,
        "nature_trail_access": false
    }
},
{
    "model": "rooms.roomamenities",
    "pk": "c5a4d0df-d062-4dc3-85fd-35eb54286ac6",
    "fields": {
        "room_type": "2de8199f-57fe-4222-800b-f874c57a166f",
        "air_conditioning": false,
        "free_wifi": true,
        "television": true,
        "minibar": false,
        "wardrobe": true,
        "desk": false,
        "telephone": false,
        "safe": false,
        "soundproofing": false,
        "ironing_facilities": true,
        "extra_long_beds": false,
        "electric_blankets": false,
        "garden_view": true,
        "city_view": true,
        "mountain_view": true,
        "landmark_view": true,
        "pool_view": true,
        "attached_bathroom": true,
        "free_toiletries": true,
        "shower": true,
        "bathtub": false,
        "bidet": false,
        "hairdryer": false,
        "slippers": false,
        "towels": false,
        "toilet": false,
        "balcony": false,
        "patio": true,
        "terrace": false,
        "private_entrance": false,
        "kitchenette": true,
        "heating": false,
        "campfire_access": false,
        "outdoor_shower": false,
        "portable_restroom": false,
        "rv_hookup": false,
        "eco_friendly_facilities": false,
        "barbecue_grill": false,
        "picnic_area": false,
        "hammock": false,
        "outdoor_seating": false,
        "nature_trail_access": false
    }
},
{
    "model": "rooms.roomamenities",
    "pk": "c5ad4f7b-6d41-4413-b67d-54fc3b405616",
    "fields": {
        "room_type": "32bd27f6-bc04-49f2-b11b-57eda5a564ae",
        "air_conditioning": false,
        "free_wifi": true,
        "television": false,
        "minibar": true,
        "wardrobe": false,
        "desk": true,
        "telephone": true,
        "safe": false,
        "soundproofing": true,
        "ironing_facilities": true,
        "extra_long_beds": true,
        "electric_blankets": false,
        "garden_view": true,
        "city_view": true,
        "mountain_view": false,
        "landmark_view": false,
        "pool_view": true,
        "attached_bathroom": false,
        "free_toiletries": false,
        "shower": false,
        "bathtub": true,
        "bidet": false,
        "hairdryer": false,
        "slippers": false,
        "towels": false,
        "toilet": false,
        "balcony": true,
        "patio": false,
        "terrace": false,
        "private_entrance": false,
        "kitchenette": false,
        "heating": true,
        "campfire_access": false,
        "outdoor_shower": false,
        "portable_restroom": false,
        "rv_hookup": false,
        "eco_friendly_facilities": false,
        "barbecue_grill": false,
        "picnic_area": false,
        "hammock": false,
        "outdoor_seating": false,
        "nature_trail_access": false
    }
},
{
    "model": "rooms.roomamenities",
    "pk": "c6683bf7-3ffe-4761-a0ce-d94e92b91007",
    "fields": {
        "room_type": "4c87d3ff-5690-4442-b547-c27454cd4581",
        "air_conditioning": true,
        "free_wifi": true,
        "television": true,
        "minibar": true,
        "wardrobe": true,
        "desk": true,
        "telephone": true,
        "safe": true,
        "soundproofing": true,
        "ironing_facilities": false,
        "extra_long_beds": false,
        "electric_blankets": false,
        "garden_view": false,
        "city_view": false,
        "mountain_view": false,
        "landmark_view": false,
        "pool_view": false,
        "attached_bathroom": false,
        "free_toiletries": false,
        "shower": false,
        "bathtub": false,
        "bidet": false,
        "hairdryer": false,
        "slippers": false,
        "towels": false,
        "toilet": false,
        "balcony": false,
        "patio": false,
        "terrace": false,
        "private_entrance": false,
        "kitchenette": false,
        "heating": false,
        "campfire_access": false,
        "outdoor_shower": false,
        "portable_restroom": false,
        "rv_hookup": false,
        "eco_friendly_facilities": false,
        "barbecue_grill": false,
        "picnic_area": false,
        "hammock": false,
        "outdoor_seating": false,
        "nature_trail_access": false
    }
},
{
    "model": "rooms.roomamenities",
    "pk": "d15d0c62-8522-4a21-809e-4f1919b4f564",
    "fields": {
        "room_type": "c1ed25e8-efde-4de3-abce-942e94336b41",
        "air_conditioning": true,
        "free_wifi": false,
        "television": true,
        "minibar": true,
        "wardrobe": true,
        "desk": false,
        "telephone": false,
        "safe": false,
        "soundproofing": true,
        "ironing_facilities": true,
        "extra_long_beds": true,
        "electric_blankets": true,
        "garden_view": false,
        "city_view": true,
        "mountain_view": false,
        "landmark_view": false,
        "pool_view": true,
        "attached_bathroom": false,
        "free_toiletries": true,
        "shower": true,
        "bathtub": true,
        "bidet": false,
        "hairdryer": false,
        "slippers": false,
        "towels": false,
        "toilet": false,
        "balcony": true,
        "patio": true,
        "terrace": true,
        "private_entrance": false,
        "kitchenette": false,
        "heating": false,
        "campfire_access": false,
        "outdoor_shower": false,
        "portable_restroom": false,
        "rv_hookup": false,
        "eco_friendly_facilities": false,
        "barbecue_grill": false,
        "picnic_area": false,
        "hammock": false,
        "outdoor_seating": false,
        "nature_trail_access": false
    }
},
{
    "model": "rooms.roomamenities",
    "pk": "d8ff0610-3da7-40fc-aae3-c746c02b23c6",
    "fields": {
        "room_type": "f4d5285f-14e4-41de-b44d-c2a7785d0cca",
        "air_conditioning": false,
        "free_wifi": false,
        "television": false,
        "minibar": false,
        "wardrobe": true,
        "desk": true,
        "telephone": false,
        "safe": false,
        "soundproofing": true,
        "ironing_facilities": false,
        "extra_long_beds": false,
        "electric_blankets": false,
        "garden_view": true,
        "city_view": true,
        "mountain_view": false,
        "landmark_view": false,
        "pool_view": true,
        "attached_bathroom": true,
        "free_toiletries": false,
        "shower": true,
        "bathtub": false,
        "bidet": false,
        "hairdryer": false,
        "slippers": false,
        "towels": false,
        "toilet": false,
        "balcony": false,
        "patio": true,
        "terrace": true,
        "private_entrance": false,
        "kitchenette": true,
        "heating": false,
        "campfire_access": false,
        "outdoor_shower": false,
        "portable_restroom": false,
        "rv_hookup": false,
        "eco_friendly_facilities": false,
        "barbecue_grill": false,
        "picnic_area": false,
        "hammock": false,
        "outdoor_seating": false,
        "nature_trail_access": false
    }
},
{
    "model": "rooms.roomamenities",
    "pk": "e21d2b6f-e7b9-491f-a0eb-d78ee60f3c51",
    "fields": {
        "room_type": "c2a6b9df-290e-4119-8905-faecef3dd0ad",
        "air_conditioning": true,
        "free_wifi": true,
        "television": false,
        "minibar": true,
        "wardrobe": false,
        "desk": false,
        "telephone": true,
        "safe": true,
        "soundproofing": false,
        "ironing_facilities": false,
        "extra_long_beds": false,
        "electric_blankets": true,
        "garden_view": false,
        "city_view": true,
        "mountain_view": true,
        "landmark_view": false,
        "pool_view": false,
        "attached_bathroom": false,
        "free_toiletries": false,
        "shower": false,
        "bathtub": true,
        "bidet": false,
        "hairdryer": false,
        "slippers": false,
        "towels": false,
        "toilet": false,
        "balcony": false,
        "patio": false,
        "terrace": false,
        "private_entrance": true,
        "kitchenette": true,
        "heating": false,
        "campfire_access": false,
        "outdoor_shower": false,
        "portable_restroom": false,
        "rv_hookup": false,
        "eco_friendly_facilities": false,
        "barbecue_grill": false,
        "picnic_area": false,
        "hammock": false,
        "outdoor_seating": false,
        "nature_trail_access": false
    }
},
{
    "model": "rooms.roomamenities",
    "pk": "e26dc7f0-4eaa-49ab-a128-2d7ebb512d70",
    "fields": {
        "room_type": "d2e7b558-ec01-4c91-9710-3c21892e69f2",
        "air_conditioning": false,
        "free_wifi": false,
        "television": true,
        "minibar": false,
        "wardrobe": true,
        "desk": false,
        "telephone": true,
        "safe": false,
        "soundproofing": false,
        "ironing_facilities": false,
        "extra_long_beds": false,
        "electric_blankets": true,
        "garden_view": true,
        "city_view": true,
        "mountain_view": true,
        "landmark_view": false,
        "pool_view": false,
        "attached_bathroom": true,
        "free_toiletries": false,
        "shower": true,
        "bathtub": false,
        "bidet": false,
        "hairdryer": false,
        "slippers": false,
        "towels": false,
        "toilet": false,
        "balcony": true,
        "patio": false,
        "terrace": false,
        "private_entrance": true,
        "kitchenette": false,
        "heating": false,
        "campfire_access": false,
        "outdoor_shower": false,
        "portable_restroom": false,
        "rv_hookup": false,
        "eco_friendly_facilities": false,
        "barbecue_grill": false,
        "picnic_area": false,
        "hammock": false,
        "outdoor_seating": false,
        "nature_trail_access": false
    }
},
{
    "model": "rooms.roomamenities",
    "pk": "e4b157d0-e5c3-4d96-bf90-e61b53dc66f5",
    "fields": {
        "room_type": "0b8c2f8e-a03b-4bdf-ad1b-8ab4f7f83304",
        "air_conditioning": true,
        "free_wifi": false,
        "television": false,
        "minibar": true,
        "wardrobe": true,
        "desk": true,
        "telephone": true,
        "safe": false,
        "soundproofing": false,
        "ironing_facilities": true,
        "extra_long_beds": false,
        "electric_blankets": true,
        "garden_view": false,
        "city_view": false,
        "mountain_view": true,
        "landmark_view": true,
        "pool_view": true,
        "attached_bathroom": true,
        "free_toiletries": false,
        "shower": false,
        "bathtub": true,
        "bidet": false,
        "hairdryer": false,
        "slippers": false,
        "towels": false,
        "toilet": false,
        "balcony": false,
        "patio": false,
        "terrace": false,
        "private_entrance": false,
        "kitchenette": true,
        "heating": false,
        "campfire_access": false,
        "outdoor_shower": false,
        "portable_restroom": false,
        "rv_hookup": false,
        "eco_friendly_facilities": false,
        "barbecue_grill": false,
        "picnic_area": false,
        "hammock": false,
        "outdoor_seating": false,
        "nature_trail_access": false
    }
},
{
    "model": "rooms.roomamenities",
    "pk": "e64b8b0b-d91c-4a92-ae00-2c945a041f4e",
    "fields": {
        "room_type": "c3aca2d4-f033-401e-8e69-41e1db048ecf",
        "air_conditioning": true,
        "free_wifi": true,
        "television": true,
        "minibar": true,
        "wardrobe": true,
        "desk": true,
        "telephone": true,
        "safe": false,
        "soundproofing": true,
        "ironing_facilities": false,
        "extra_long_beds": false,
        "electric_blankets": true,
        "garden_view": true,
        "city_view": true,
        "mountain_view": false,
        "landmark_view": true,
        "pool_view": false,
        "attached_bathroom": true,
        "free_toiletries": true,
        "shower": false,
        "bathtub": false,
        "bidet": false,
        "hairdryer": false,
        "slippers": false,
        "towels": false,
        "toilet": false,
        "balcony": true,
        "patio": true,
        "terrace": true,
        "private_entrance": true,
        "kitchenette": false,
        "heating": false,
        "campfire_access": false,
        "outdoor_shower": false,
        "portable_restroom": false,
        "rv_hookup": false,
        "eco_friendly_facilities": false,
        "barbecue_grill": false,
        "picnic_area": false,
        "hammock": false,
        "outdoor_seating": false,
        "nature_trail_access": false
    }
},
{
    "model": "rooms.roomamenities",
    "pk": "e835ccb0-a00e-43b8-871d-60431efa2d0c",
    "fields": {
        "room_type": "29d986ce-c946-48db-a98f-ed501a3caf5f",
        "air_conditioning": true,
        "free_wifi": false,
        "television": true,
        "minibar": false,
        "wardrobe": true,
        "desk": false,
        "telephone": true,
        "safe": true,
        "soundproofing": false,
        "ironing_facilities": false,
        "extra_long_beds": false,
        "electric_blankets": false,
        "garden_view": true,
        "city_view": false,
        "mountain_view": false,
        "landmark_view": false,
        "pool_view": true,
        "attached_bathroom": true,
        "free_toiletries": true,
        "shower": true,
        "bathtub": false,
        "bidet": false,
        "hairdryer": false,
        "slippers": false,
        "towels": false,
        "toilet": false,
        "balcony": false,
        "patio": false,
        "terrace": false,
        "private_entrance": true,
        "kitchenette": true,
        "heating": true,
        "campfire_access": false,
        "outdoor_shower": false,
        "portable_restroom": false,
        "rv_hookup": false,
        "eco_friendly_facilities": false,
        "barbecue_grill": false,
        "picnic_area": false,
        "hammock": false,
        "outdoor_seating": false,
        "nature_trail_access": false
    }
},
{
    "model": "rooms.roomamenities",
    "pk": "e88831cd-291e-47af-8077-f2870a494150",
    "fields": {
        "room_type": "295b5a9e-1647-4eac-abbc-54c782cc4fa8",
        "air_conditioning": true,
        "free_wifi": true,
        "television": true,
        "minibar": false,
        "wardrobe": true,
        "desk": false,
        "telephone": false,
        "safe": true,
        "soundproofing": true,
        "ironing_facilities": true,
        "extra_long_beds": false,
        "electric_blankets": true,
        "garden_view": true,
        "city_view": true,
        "mountain_view": true,
        "landmark_view": true,
        "pool_view": false,
        "attached_bathroom": false,
        "free_toiletries": false,
        "shower": false,
        "bathtub": true,
        "bidet": false,
        "hairdryer": false,
        "slippers": false,
        "towels": false,
        "toilet": false,
        "balcony": false,
        "patio": false,
        "terrace": true,
        "private_entrance": true,
        "kitchenette": true,
        "heating": false,
        "campfire_access": false,
        "outdoor_shower": false,
        "portable_restroom": false,
        "rv_hookup": false,
        "eco_friendly_facilities": false,
        "barbecue_grill": false,
        "picnic_area": false,
        "hammock": false,
        "outdoor_seating": false,
        "nature_trail_access": false
    }
},
{
    "model": "rooms.roomamenities",
    "pk": "eb442e5f-e78d-477e-837c-bdb0f7440c45",
    "fields": {
        "room_type": "df0b7550-851e-4a35-8b60-9247c3a641d5",
        "air_conditioning": true,
        "free_wifi": false,
        "television": false,
        "minibar": false,
        "wardrobe": false,
        "desk": false,
        "telephone": true,
        "safe": false,
        "soundproofing": true,
        "ironing_facilities": false,
        "extra_long_beds": false,
        "electric_blankets": true,
        "garden_view": true,
        "city_view": true,
        "mountain_view": false,
        "landmark_view": false,
        "pool_view": false,
        "attached_bathroom": true,
        "free_toiletries": true,
        "shower": true,
        "bathtub": true,
        "bidet": false,
        "hairdryer": false,
        "slippers": false,
        "towels": false,
        "toilet": false,
        "balcony": false,
        "patio": false,
        "terrace": true,
        "private_entrance": true,
        "kitchenette": true,
        "heating": true,
        "campfire_access": false,
        "outdoor_shower": false,
        "portable_restroom": false,
        "rv_hookup": false,
        "eco_friendly_facilities": false,
        "barbecue_grill": false,
        "picnic_area": false,
        "hammock": false,
        "outdoor_seating": false,
        "nature_trail_access": false
    }
},
{
    "model": "rooms.roomamenities",
    "pk": "ec3a888f-0a48-4a11-8283-24de54fc377f",
    "fields": {
        "room_type": "a9f1f2fa-897d-4cc3-9067-2c627d01873b",
        "air_conditioning": false,
        "free_wifi": false,
        "television": false,
        "minibar": true,
        "wardrobe": true,
        "desk": false,
        "telephone": false,
        "safe": true,
        "soundproofing": false,
        "ironing_facilities": false,
        "extra_long_beds": false,
        "electric_blankets": true,
        "garden_view": false,
        "city_view": true,
        "mountain_view": false,
        "landmark_view": false,
        "pool_view": false,
        "attached_bathroom": true,
        "free_toiletries": false,
        "shower": true,
        "bathtub": false,
        "bidet": false,
        "hairdryer": false,
        "slippers": false,
        "towels": false,
        "toilet": false,
        "balcony": true,
        "patio": true,
        "terrace": true,
        "private_entrance": true,
        "kitchenette": true,
        "heating": true,
        "campfire_access": false,
        "outdoor_shower": false,
        "portable_restroom": false,
        "rv_hookup": false,
        "eco_friendly_facilities": false,
        "barbecue_grill": false,
        "picnic_area": false,
        "hammock": false,
        "outdoor_seating": false,
        "nature_trail_access": false
    }
},
{
    "model": "rooms.roomamenities",
    "pk": "fb56d0bd-df1e-4ee6-aeab-ae07e4fd35de",
    "fields": {
        "room_type": "df95e010-b2b2-44f3-acd2-6563385e1a25",
        "air_conditioning": false,
        "free_wifi": true,
        "television": false,
        "minibar": false,
        "wardrobe": false,
        "desk": true,
        "telephone": true,
        "safe": false,
        "soundproofing": false,
        "ironing_facilities": true,
        "extra_long_beds": true,
        "electric_blankets": true,
        "garden_view": false,
        "city_view": false,
        "mountain_view": false,
        "landmark_view": true,
        "pool_view": false,
        "attached_bathroom": false,
        "free_toiletries": true,
        "shower": true,
        "bathtub": false,
        "bidet": false,
        "hairdryer": false,
        "slippers": false,
        "towels": false,
        "toilet": false,
        "balcony": true,
        "patio": true,
        "terrace": true,
        "private_entrance": false,
        "kitchenette": true,
        "heating": false,
        "campfire_access": false,
        "outdoor_shower": false,
        "portable_restroom": false,
        "rv_hookup": false,
        "eco_friendly_facilities": false,
        "barbecue_grill": false,
        "picnic_area": false,
        "hammock": false,
        "outdoor_seating": false,
        "nature_trail_access": false
    }
},
{
    "model": "rooms.roomamenities",
    "pk": "fc2b5cb9-2c01-4c5b-b82f-29ca0f10a127",
    "fields": {
        "room_type": "74ad27bf-60c0-4fdf-ad08-53c1285f762c",
        "air_conditioning": true,
        "free_wifi": false,
        "television": true,
        "minibar": true,
        "wardrobe": true,
        "desk": true,
        "telephone": false,
        "safe": false,
        "soundproofing": false,
        "ironing_facilities": true,
        "extra_long_beds": false,
        "electric_blankets": false,
        "garden_view": true,
        "city_view": false,
        "mountain_view": false,
        "landmark_view": false,
        "pool_view": true,
        "attached_bathroom": true,
        "free_toiletries": false,
        "shower": false,
        "bathtub": false,
        "bidet": false,
        "hairdryer": false,
        "slippers": false,
        "towels": false,
        "toilet": false,
        "balcony": true,
        "patio": true,
        "terrace": false,
        "private_entrance": true,
        "kitchenette": true,
        "heating": false,
        "campfire_access": false,
        "outdoor_shower": false,
        "portable_restroom": false,
        "rv_hookup": false,
        "eco_friendly_facilities": false,
        "barbecue_grill": false,
        "picnic_area": false,
        "hammock": false,
        "outdoor_seating": false,
        "nature_trail_access": false
    }
},
{
    "model": "rooms.roomtype",
    "pk": "01073179-2834-4839-ab5b-3455aa15c4e8",
    "fields": {
        "property": "7cb5f38e-cda8-4518-985e-75629131726b",
        "room_type": "suite",
        "room_name": "Single Room",
        "no_of_available_rooms": 7,
        "max_no_of_guests": 1,
        "room_size": "48.20",
        "smoking_allowed": true,
        "room_amenities": null
    }
},
{
    "model": "rooms.roomtype",
    "pk": "01f31cd4-6d4e-42f3-b741-555de241ba5c",
    "fields": {
        "property": "d67e4c88-dea8-448d-b662-c9ec41c69edd",
        "room_type": "double",
        "room_name": "double_room",
        "no_of_available_rooms": 1,
        "max_no_of_guests": 2,
        "room_size": "23.00",
        "smoking_allowed": true,
        "room_amenities": null
    }
},
{
    "model": "rooms.roomtype",
    "pk": "07ae57e3-ac4f-46f8-bcc6-b8cd59538670",
    "fields": {
        "property": "545fd787-7de8-4428-ba3c-d6212012cf49",
        "room_type": "studio",
        "room_name": "Camping Site",
        "no_of_available_rooms": 5,
        "max_no_of_guests": 1,
        "room_size": "71.59",
        "smoking_allowed": false,
        "room_amenities": null
    }
},
{
    "model": "rooms.roomtype",
    "pk": "07e70f1b-e4c4-448d-90e4-f6864faf4622",
    "fields": {
        "property": "cbac6179-f796-4d5f-b7e5-ba56f5e33dde",
        "room_type": "bungalow",
        "room_name": "Penthouse",
        "no_of_available_rooms": 5,
        "max_no_of_guests": 3,
        "room_size": "51.79",
        "smoking_allowed": false,
        "room_amenities": null
    }
},
{
    "model": "rooms.roomtype",
    "pk": "08c9c048-df5a-4cc2-a0d3-0f0f7b722d29",
    "fields": {
        "property": "8bbf4aaa-0b98-481e-a5c6-bf14abf768dd",
        "room_type": "suite",
        "room_name": "Twin Room",
        "no_of_available_rooms": 9,
        "max_no_of_guests": 2,
        "room_size": "83.29",
        "smoking_allowed": false,
        "room_amenities": null
    }
},
{
    "model": "rooms.roomtype",
    "pk": "08d91713-ccbd-4747-aad9-7f362c3ada6f",
    "fields": {
        "property": "8bbf4aaa-0b98-481e-a5c6-bf14abf768dd",
        "room_type": "deluxe",
        "room_name": "Penthouse",
        "no_of_available_rooms": 8,
        "max_no_of_guests": 6,
        "room_size": "64.20",
        "smoking_allowed": false,
        "room_amenities": null
    }
},
{
    "model": "rooms.roomtype",
    "pk": "0b8c2f8e-a03b-4bdf-ad1b-8ab4f7f83304",
    "fields": {
        "property": "fabbed65-5ebf-4f82-8262-ac7e45f1e2a0",
        "room_type": "twin",
        "room_name": "Family Room",
        "no_of_available_rooms": 7,
        "max_no_of_guests": 5,
        "room_size": "44.23",
        "smoking_allowed": false,
        "room_amenities": null
    }
},
{
    "model": "rooms.roomtype",
    "pk": "133c2c1f-88d1-4b30-952e-8b74a876f67b",
    "fields": {
        "property": "39c32a3a-b701-4537-acfb-3e7c9b2ccd50",
        "room_type": "rv_spot",
        "room_name": "Deluxe Room",
        "no_of_available_rooms": 1,
        "max_no_of_guests": 6,
        "room_size": "88.04",
        "smoking_allowed": false,
        "room_amenities": null
    }
},
{
    "model": "rooms.roomtype",
    "pk": "19a0df8d-b10c-422a-8faf-943660b8bce8",
    "fields": {
        "property": "8bbf4aaa-0b98-481e-a5c6-bf14abf768dd",
        "room_type": "glamping_tent",
        "room_name": "Single Room",
        "no_of_available_rooms": 10,
        "max_no_of_guests": 1,
        "room_size": "86.07",
        "smoking_allowed": false,
        "room_amenities": null
    }
},
{
    "model": "rooms.roomtype",
    "pk": "1dc91456-2400-462c-8222-5e6f8374b3f4",
    "fields": {
        "property": "997c673a-fc22-45a3-b9c3-21b0ced0def1",
        "room_type": "dormitory",
        "room_name": "Glamping Tent",
        "no_of_available_rooms": 1,
        "max_no_of_guests": 5,
        "room_size": "80.08",
        "smoking_allowed": false,
        "room_amenities": null
    }
},
{
    "model": "rooms.roomtype",
    "pk": "1f7e96e5-c221-4504-b0b8-b40414a30dac",
    "fields": {
        "property": "8bbf4aaa-0b98-481e-a5c6-bf14abf768dd",
        "room_type": "villa",
        "room_name": "Suite",
        "no_of_available_rooms": 5,
        "max_no_of_guests": 6,
        "room_size": "88.90",
        "smoking_allowed": true,
        "room_amenities": null
    }
},
{
    "model": "rooms.roomtype",
    "pk": "20000e47-dfa6-45e5-839c-fdc37df8c56a",
    "fields": {
        "property": "6de4a41c-7ea6-4d33-8d06-89a011418e76",
        "room_type": "deluxe",
        "room_name": "Apartment",
        "no_of_available_rooms": 10,
        "max_no_of_guests": 4,
        "room_size": "72.37",
        "smoking_allowed": true,
        "room_amenities": null
    }
},
{
    "model": "rooms.roomtype",
    "pk": "203fc145-2c82-4351-bd7f-5794435165ed",
    "fields": {
        "property": "90a12fff-daa2-4508-a5c7-1ae6f5f68230",
        "room_type": "rv_spot",
        "room_name": "Studio",
        "no_of_available_rooms": 4,
        "max_no_of_guests": 4,
        "room_size": "68.67",
        "smoking_allowed": true,
        "room_amenities": null
    }
},
{
    "model": "rooms.roomtype",
    "pk": "295b5a9e-1647-4eac-abbc-54c782cc4fa8",
    "fields": {
        "property": "90a12fff-daa2-4508-a5c7-1ae6f5f68230",
        "room_type": "family",
        "room_name": "Twin Room",
        "no_of_available_rooms": 5,
        "max_no_of_guests": 5,
        "room_size": "40.46",
        "smoking_allowed": false,
        "room_amenities": null
    }
},
{
    "model": "rooms.roomtype",
    "pk": "29d986ce-c946-48db-a98f-ed501a3caf5f",
    "fields": {
        "property": "c7aa8db6-9a29-4b29-a9b3-40c6edf6a6ce",
        "room_type": "cottage",
        "room_name": "Bungalow",
        "no_of_available_rooms": 7,
        "max_no_of_guests": 5,
        "room_size": "50.20",
        "smoking_allowed": true,
        "room_amenities": null
    }
},
{
    "model": "rooms.roomtype",
    "pk": "2de8199f-57fe-4222-800b-f874c57a166f",
    "fields": {
        "property": "bc3234bd-0979-488e-8cb7-fb9a83eba4dd",
        "room_type": "double",
        "room_name": "Camping Site",
        "no_of_available_rooms": 3,
        "max_no_of_guests": 5,
        "room_size": "99.69",
        "smoking_allowed": false,
        "room_amenities": null
    }
},
{
    "model": "rooms.roomtype",
    "pk": "2f645889-a107-462c-a898-7e85142fe7d9",
    "fields": {
        "property": "4929ab9f-51d9-43af-9644-13757b5fd367",
        "room_type": "twin",
        "room_name": "Dormitory",
        "no_of_available_rooms": 2,
        "max_no_of_guests": 5,
        "room_size": "29.61",
        "smoking_allowed": true,
        "room_amenities": null
    }
},
{
    "model": "rooms.roomtype",
    "pk": "32bd27f6-bc04-49f2-b11b-57eda5a564ae",
    "fields": {
        "property": "dcef54b9-6c50-4225-a0c7-0c2b9188b9e6",
        "room_type": "family",
        "room_name": "Bungalow",
        "no_of_available_rooms": 2,
        "max_no_of_guests": 5,
        "room_size": "50.69",
        "smoking_allowed": true,
        "room_amenities": null
    }
},
{
    "model": "rooms.roomtype",
    "pk": "3e471541-3d23-4f0e-baab-5ceee442f097",
    "fields": {
        "property": "6de4a41c-7ea6-4d33-8d06-89a011418e76",
        "room_type": "glamping_tent",
        "room_name": "Deluxe Room",
        "no_of_available_rooms": 7,
        "max_no_of_guests": 3,
        "room_size": "48.54",
        "smoking_allowed": false,
        "room_amenities": null
    }
},
{
    "model": "rooms.roomtype",
    "pk": "3e47cd58-efd3-46bd-8d60-2117e2d691d8",
    "fields": {
        "property": "bc3234bd-0979-488e-8cb7-fb9a83eba4dd",
        "room_type": "deluxe",
        "room_name": "Camping Site",
        "no_of_available_rooms": 3,
        "max_no_of_guests": 4,
        "room_size": "62.51",
        "smoking_allowed": true,
        "room_amenities": null
    }
},
{
    "model": "rooms.roomtype",
    "pk": "42ef2b68-9fe1-4ed7-ac71-7aa2b0e5582d",
    "fields": {
        "property": "8868ac7b-bed8-4246-9397-efc2ab00e26c",
        "room_type": "deluxe",
        "room_name": "Villa",
        "no_of_available_rooms": 6,
        "max_no_of_guests": 4,
        "room_size": "61.90",
        "smoking_allowed": false,
        "room_amenities": null
    }
},
{
    "model": "rooms.roomtype",
    "pk": "4c87d3ff-5690-4442-b547-c27454cd4581",
    "fields": {
        "property": "d67e4c88-dea8-448d-b662-c9ec41c69edd",
        "room_type": "single",
        "room_name": "single_room",
        "no_of_available_rooms": 1,
        "max_no_of_guests": 1,
        "room_size": "15.00",
        "smoking_allowed": true,
        "room_amenities": null
    }
},
{
    "model": "rooms.roomtype",
    "pk": "55469316-cdfd-4f4a-9dd5-e68475ef669a",
    "fields": {
        "property": "c7aa8db6-9a29-4b29-a9b3-40c6edf6a6ce",
        "room_type": "double",
        "room_name": "Deluxe Room",
        "no_of_available_rooms": 8,
        "max_no_of_guests": 4,
        "room_size": "57.00",
        "smoking_allowed": true,
        "room_amenities": null
    }
},
{
    "model": "rooms.roomtype",
    "pk": "5db1cc48-948a-41ec-b6d6-14a9db643a05",
    "fields": {
        "property": "cbac6179-f796-4d5f-b7e5-ba56f5e33dde",
        "room_type": "single",
        "room_name": "Twin Room",
        "no_of_available_rooms": 1,
        "max_no_of_guests": 5,
        "room_size": "95.09",
        "smoking_allowed": true,
        "room_amenities": null
    }
},
{
    "model": "rooms.roomtype",
    "pk": "6d1781a4-05bd-423a-b6d7-4687a267ee9a",
    "fields": {
        "property": "bc3234bd-0979-488e-8cb7-fb9a83eba4dd",
        "room_type": "camping_site",
        "room_name": "Penthouse",
        "no_of_available_rooms": 10,
        "max_no_of_guests": 6,
        "room_size": "60.56",
        "smoking_allowed": false,
        "room_amenities": null
    }
},
{
    "model": "rooms.roomtype",
    "pk": "703f5eb2-e7e0-409a-9c9f-3aba94269f8a",
    "fields": {
        "property": "dcef54b9-6c50-4225-a0c7-0c2b9188b9e6",
        "room_type": "single",
        "room_name": "Bungalow",
        "no_of_available_rooms": 2,
        "max_no_of_guests": 6,
        "room_size": "74.10",
        "smoking_allowed": true,
        "room_amenities": null
    }
},
{
    "model": "rooms.roomtype",
    "pk": "74ad27bf-60c0-4fdf-ad08-53c1285f762c",
    "fields": {
        "property": "997c673a-fc22-45a3-b9c3-21b0ced0def1",
        "room_type": "penthouse",
        "room_name": "Glamping Tent",
        "no_of_available_rooms": 8,
        "max_no_of_guests": 5,
        "room_size": "68.93",
        "smoking_allowed": true,
        "room_amenities": null
    }
},
{
    "model": "rooms.roomtype",
    "pk": "7ccb0a0f-2936-4c87-a3c8-389d40869682",
    "fields": {
        "property": "66f700c4-d584-4589-8f3f-6780ffb456c4",
        "room_type": "deluxe",
        "room_name": "Apartment",
        "no_of_available_rooms": 6,
        "max_no_of_guests": 2,
        "room_size": "41.72",
        "smoking_allowed": true,
        "room_amenities": null
    }
},
{
    "model": "rooms.roomtype",
    "pk": "7f89704c-d8c6-4f95-afcc-a1218166f0d6",
    "fields": {
        "property": "4929ab9f-51d9-43af-9644-13757b5fd367",
        "room_type": "studio",
        "room_name": "Deluxe Room",
        "no_of_available_rooms": 2,
        "max_no_of_guests": 1,
        "room_size": "74.84",
        "smoking_allowed": true,
        "room_amenities": null
    }
},
{
    "model": "rooms.roomtype",
    "pk": "838745f8-50d3-45ad-a876-e4ad0f1b2ff0",
    "fields": {
        "property": "39c32a3a-b701-4537-acfb-3e7c9b2ccd50",
        "room_type": "suite",
        "room_name": "Dormitory",
        "no_of_available_rooms": 9,
        "max_no_of_guests": 1,
        "room_size": "35.32",
        "smoking_allowed": false,
        "room_amenities": null
    }
},
{
    "model": "rooms.roomtype",
    "pk": "88f60ff6-0426-4434-b3ac-906878d987a3",
    "fields": {
        "property": "ffce8ab2-1b5c-4974-aecf-dc27894b27f0",
        "room_type": "penthouse",
        "room_name": "Single Room",
        "no_of_available_rooms": 1,
        "max_no_of_guests": 6,
        "room_size": "39.52",
        "smoking_allowed": true,
        "room_amenities": null
    }
},
{
    "model": "rooms.roomtype",
    "pk": "8c428a19-d6af-4adc-8147-8712af4b0cfe",
    "fields": {
        "property": "4a853b3a-59b6-437d-b21c-e778d7896000",
        "room_type": "glamping_tent",
        "room_name": "Family Room",
        "no_of_available_rooms": 10,
        "max_no_of_guests": 1,
        "room_size": "49.50",
        "smoking_allowed": true,
        "room_amenities": null
    }
},
{
    "model": "rooms.roomtype",
    "pk": "92266e40-7515-49c2-8eda-67eb0aaa929c",
    "fields": {
        "property": "90a12fff-daa2-4508-a5c7-1ae6f5f68230",
        "room_type": "apartment",
        "room_name": "Dormitory",
        "no_of_available_rooms": 4,
        "max_no_of_guests": 6,
        "room_size": "25.61",
        "smoking_allowed": true,
        "room_amenities": null
    }
},
{
    "model": "rooms.roomtype",
    "pk": "a4b0fb6c-7d51-4430-95f8-4223dc1c2317",
    "fields": {
        "property": "cbac6179-f796-4d5f-b7e5-ba56f5e33dde",
        "room_type": "cottage",
        "room_name": "Villa",
        "no_of_available_rooms": 1,
        "max_no_of_guests": 5,
        "room_size": "90.59",
        "smoking_allowed": false,
        "room_amenities": null
    }
},
{
    "model": "rooms.roomtype",
    "pk": "a9f1f2fa-897d-4cc3-9067-2c627d01873b",
    "fields": {
        "property": "6de4a41c-7ea6-4d33-8d06-89a011418e76",
        "room_type": "suite",
        "room_name": "Cottage",
        "no_of_available_rooms": 6,
        "max_no_of_guests": 3,
        "room_size": "44.28",
        "smoking_allowed": false,
        "room_amenities": null
    }
},
{
    "model": "rooms.roomtype",
    "pk": "ae830a9c-bf9e-494b-8ef3-91ec037389f4",
    "fields": {
        "property": "39c32a3a-b701-4537-acfb-3e7c9b2ccd50",
        "room_type": "penthouse",
        "room_name": "RV Spot",
        "no_of_available_rooms": 5,
        "max_no_of_guests": 2,
        "room_size": "26.55",
        "smoking_allowed": true,
        "room_amenities": null
    }
},
{
    "model": "rooms.roomtype",
    "pk": "aebf33ea-6dea-4118-8aa9-9cbcb1100a77",
    "fields": {
        "property": "8868ac7b-bed8-4246-9397-efc2ab00e26c",
        "room_type": "villa",
        "room_name": "Camping Site",
        "no_of_available_rooms": 4,
        "max_no_of_guests": 3,
        "room_size": "42.01",
        "smoking_allowed": false,
        "room_amenities": null
    }
},
{
    "model": "rooms.roomtype",
    "pk": "b57cc3ca-9ad3-4182-8a9e-72b0847c7d58",
    "fields": {
        "property": "39c32a3a-b701-4537-acfb-3e7c9b2ccd50",
        "room_type": "glamping_tent",
        "room_name": "Deluxe Room",
        "no_of_available_rooms": 10,
        "max_no_of_guests": 1,
        "room_size": "40.35",
        "smoking_allowed": true,
        "room_amenities": null
    }
},
{
    "model": "rooms.roomtype",
    "pk": "b61d2de6-4278-4c5c-a9ea-887de82ea387",
    "fields": {
        "property": "997c673a-fc22-45a3-b9c3-21b0ced0def1",
        "room_type": "double",
        "room_name": "RV Spot",
        "no_of_available_rooms": 2,
        "max_no_of_guests": 4,
        "room_size": "91.50",
        "smoking_allowed": false,
        "room_amenities": null
    }
},
{
    "model": "rooms.roomtype",
    "pk": "b8f2ac58-c611-4f82-9ef7-402f10ef7e6c",
    "fields": {
        "property": "59135a0a-23a2-4f32-9276-6077255243b2",
        "room_type": "rv_spot",
        "room_name": "Dormitory",
        "no_of_available_rooms": 9,
        "max_no_of_guests": 2,
        "room_size": "39.01",
        "smoking_allowed": true,
        "room_amenities": null
    }
},
{
    "model": "rooms.roomtype",
    "pk": "ba76fdbb-3902-49ad-82b1-8df5f370f0f7",
    "fields": {
        "property": "8bbf4aaa-0b98-481e-a5c6-bf14abf768dd",
        "room_type": "dormitory",
        "room_name": "Glamping Tent",
        "no_of_available_rooms": 5,
        "max_no_of_guests": 5,
        "room_size": "32.72",
        "smoking_allowed": true,
        "room_amenities": null
    }
},
{
    "model": "rooms.roomtype",
    "pk": "bd1ec55b-c805-47e7-b97c-84e04070c0f0",
    "fields": {
        "property": "6be9ad64-4e97-4e11-8be2-daf57cecbee2",
        "room_type": "rv_spot",
        "room_name": "Bungalow",
        "no_of_available_rooms": 4,
        "max_no_of_guests": 6,
        "room_size": "38.92",
        "smoking_allowed": true,
        "room_amenities": null
    }
},
{
    "model": "rooms.roomtype",
    "pk": "bf2565fb-0b3a-4878-8b56-65452818280a",
    "fields": {
        "property": "dcef54b9-6c50-4225-a0c7-0c2b9188b9e6",
        "room_type": "villa",
        "room_name": "Cottage",
        "no_of_available_rooms": 6,
        "max_no_of_guests": 6,
        "room_size": "27.67",
        "smoking_allowed": false,
        "room_amenities": null
    }
},
{
    "model": "rooms.roomtype",
    "pk": "c1ed25e8-efde-4de3-abce-942e94336b41",
    "fields": {
        "property": "687ec3ec-653f-4f4b-901c-74053caec362",
        "room_type": "dormitory",
        "room_name": "Deluxe Room",
        "no_of_available_rooms": 9,
        "max_no_of_guests": 6,
        "room_size": "53.63",
        "smoking_allowed": false,
        "room_amenities": null
    }
},
{
    "model": "rooms.roomtype",
    "pk": "c2a6b9df-290e-4119-8905-faecef3dd0ad",
    "fields": {
        "property": "66f700c4-d584-4589-8f3f-6780ffb456c4",
        "room_type": "double",
        "room_name": "Bungalow",
        "no_of_available_rooms": 7,
        "max_no_of_guests": 5,
        "room_size": "83.45",
        "smoking_allowed": true,
        "room_amenities": null
    }
},
{
    "model": "rooms.roomtype",
    "pk": "c3aca2d4-f033-401e-8e69-41e1db048ecf",
    "fields": {
        "property": "c7aa8db6-9a29-4b29-a9b3-40c6edf6a6ce",
        "room_type": "penthouse",
        "room_name": "Studio",
        "no_of_available_rooms": 6,
        "max_no_of_guests": 6,
        "room_size": "21.93",
        "smoking_allowed": false,
        "room_amenities": null
    }
},
{
    "model": "rooms.roomtype",
    "pk": "c494902e-44ee-4981-993e-824446a6bd40",
    "fields": {
        "property": "4a853b3a-59b6-437d-b21c-e778d7896000",
        "room_type": "penthouse",
        "room_name": "Apartment",
        "no_of_available_rooms": 9,
        "max_no_of_guests": 6,
        "room_size": "93.66",
        "smoking_allowed": false,
        "room_amenities": null
    }
},
{
    "model": "rooms.roomtype",
    "pk": "c9936494-9590-4086-a76c-cbfad6b2d93f",
    "fields": {
        "property": "6be9ad64-4e97-4e11-8be2-daf57cecbee2",
        "room_type": "family",
        "room_name": "Deluxe Room",
        "no_of_available_rooms": 8,
        "max_no_of_guests": 4,
        "room_size": "39.53",
        "smoking_allowed": true,
        "room_amenities": null
    }
},
{
    "model": "rooms.roomtype",
    "pk": "ce72f9bc-b298-4fdd-9ab2-a94b3cb1a8eb",
    "fields": {
        "property": "dcef54b9-6c50-4225-a0c7-0c2b9188b9e6",
        "room_type": "bungalow",
        "room_name": "Apartment",
        "no_of_available_rooms": 6,
        "max_no_of_guests": 1,
        "room_size": "52.03",
        "smoking_allowed": false,
        "room_amenities": null
    }
},
{
    "model": "rooms.roomtype",
    "pk": "d2cc2c69-1d9a-44b5-818f-0b23e7a97f1b",
    "fields": {
        "property": "7cb5f38e-cda8-4518-985e-75629131726b",
        "room_type": "suite",
        "room_name": "Glamping Tent",
        "no_of_available_rooms": 8,
        "max_no_of_guests": 4,
        "room_size": "22.07",
        "smoking_allowed": true,
        "room_amenities": null
    }
},
{
    "model": "rooms.roomtype",
    "pk": "d2e7b558-ec01-4c91-9710-3c21892e69f2",
    "fields": {
        "property": "cbac6179-f796-4d5f-b7e5-ba56f5e33dde",
        "room_type": "villa",
        "room_name": "Family Room",
        "no_of_available_rooms": 3,
        "max_no_of_guests": 1,
        "room_size": "80.73",
        "smoking_allowed": false,
        "room_amenities": null
    }
},
{
    "model": "rooms.roomtype",
    "pk": "d4305b44-af3f-452e-a8fb-5a5005d0d88d",
    "fields": {
        "property": "ffce8ab2-1b5c-4974-aecf-dc27894b27f0",
        "room_type": "suite",
        "room_name": "Penthouse",
        "no_of_available_rooms": 7,
        "max_no_of_guests": 3,
        "room_size": "54.81",
        "smoking_allowed": true,
        "room_amenities": null
    }
},
{
    "model": "rooms.roomtype",
    "pk": "d793ff33-9b1a-4343-8e79-ca44379bfc1b",
    "fields": {
        "property": "6de4a41c-7ea6-4d33-8d06-89a011418e76",
        "room_type": "studio",
        "room_name": "Twin Room",
        "no_of_available_rooms": 7,
        "max_no_of_guests": 3,
        "room_size": "33.71",
        "smoking_allowed": false,
        "room_amenities": null
    }
},
{
    "model": "rooms.roomtype",
    "pk": "d8121301-4f22-4148-a10a-d5bd40962454",
    "fields": {
        "property": "bc3234bd-0979-488e-8cb7-fb9a83eba4dd",
        "room_type": "villa",
        "room_name": "Camping Site",
        "no_of_available_rooms": 1,
        "max_no_of_guests": 2,
        "room_size": "40.00",
        "smoking_allowed": true,
        "room_amenities": null
    }
},
{
    "model": "rooms.roomtype",
    "pk": "d847cc23-f87e-470a-8ec8-8430899ecc29",
    "fields": {
        "property": "cbac6179-f796-4d5f-b7e5-ba56f5e33dde",
        "room_type": "glamping_tent",
        "room_name": "Twin Room",
        "no_of_available_rooms": 6,
        "max_no_of_guests": 1,
        "room_size": "29.17",
        "smoking_allowed": true,
        "room_amenities": null
    }
},
{
    "model": "rooms.roomtype",
    "pk": "d9a53695-fe01-4fb8-be6d-015b844f580e",
    "fields": {
        "property": "39c32a3a-b701-4537-acfb-3e7c9b2ccd50",
        "room_type": "twin",
        "room_name": "Deluxe Room",
        "no_of_available_rooms": 3,
        "max_no_of_guests": 5,
        "room_size": "23.84",
        "smoking_allowed": true,
        "room_amenities": null
    }
},
{
    "model": "rooms.roomtype",
    "pk": "de763414-6657-45ae-9da8-6a8908f3a238",
    "fields": {
        "property": "4a853b3a-59b6-437d-b21c-e778d7896000",
        "room_type": "studio",
        "room_name": "Double Room",
        "no_of_available_rooms": 9,
        "max_no_of_guests": 5,
        "room_size": "95.82",
        "smoking_allowed": false,
        "room_amenities": null
    }
},
{
    "model": "rooms.roomtype",
    "pk": "df0b7550-851e-4a35-8b60-9247c3a641d5",
    "fields": {
        "property": "173f2477-adfa-491c-a776-82fde2a6f549",
        "room_type": "glamping_tent",
        "room_name": "Twin Room",
        "no_of_available_rooms": 2,
        "max_no_of_guests": 6,
        "room_size": "70.76",
        "smoking_allowed": true,
        "room_amenities": null
    }
},
{
    "model": "rooms.roomtype",
    "pk": "df609494-a05f-4bc1-9df5-9859787f186a",
    "fields": {
        "property": "4a853b3a-59b6-437d-b21c-e778d7896000",
        "room_type": "twin",
        "room_name": "Twin Room",
        "no_of_available_rooms": 3,
        "max_no_of_guests": 3,
        "room_size": "44.69",
        "smoking_allowed": true,
        "room_amenities": null
    }
},
{
    "model": "rooms.roomtype",
    "pk": "df95e010-b2b2-44f3-acd2-6563385e1a25",
    "fields": {
        "property": "4a853b3a-59b6-437d-b21c-e778d7896000",
        "room_type": "double",
        "room_name": "Single Room",
        "no_of_available_rooms": 7,
        "max_no_of_guests": 3,
        "room_size": "35.40",
        "smoking_allowed": true,
        "room_amenities": null
    }
},
{
    "model": "rooms.roomtype",
    "pk": "e20e14da-322f-411c-ac11-145eee648953",
    "fields": {
        "property": "66f700c4-d584-4589-8f3f-6780ffb456c4",
        "room_type": "penthouse",
        "room_name": "Single Room",
        "no_of_available_rooms": 9,
        "max_no_of_guests": 4,
        "room_size": "63.84",
        "smoking_allowed": false,
        "room_amenities": null
    }
},
{
    "model": "rooms.roomtype",
    "pk": "edcd8c87-0ab3-4e5c-91dc-15f34c651fd9",
    "fields": {
        "property": "dcef54b9-6c50-4225-a0c7-0c2b9188b9e6",
        "room_type": "deluxe",
        "room_name": "Suite",
        "no_of_available_rooms": 3,
        "max_no_of_guests": 1,
        "room_size": "43.48",
        "smoking_allowed": false,
        "room_amenities": null
    }
},
{
    "model": "rooms.roomtype",
    "pk": "f17e60d3-9954-4fb2-b828-1801727967a1",
    "fields": {
        "property": "90a12fff-daa2-4508-a5c7-1ae6f5f68230",
        "room_type": "double",
        "room_name": "Penthouse",
        "no_of_available_rooms": 5,
        "max_no_of_guests": 4,
        "room_size": "80.90",
        "smoking_allowed": true,
        "room_amenities": null
    }
},
{
    "model": "rooms.roomtype",
    "pk": "f4d5285f-14e4-41de-b44d-c2a7785d0cca",
    "fields": {
        "property": "59135a0a-23a2-4f32-9276-6077255243b2",
        "room_type": "camping_site",
        "room_name": "Deluxe Room",
        "no_of_available_rooms": 6,
        "max_no_of_guests": 4,
        "room_size": "71.85",
        "smoking_allowed": false,
        "room_amenities": null
    }
},
{
    "model": "rooms.roomtype",
    "pk": "f747d301-44b3-4882-a18b-9c2e30ca0f2f",
    "fields": {
        "property": "59135a0a-23a2-4f32-9276-6077255243b2",
        "room_type": "double",
        "room_name": "Cottage",
        "no_of_available_rooms": 8,
        "max_no_of_guests": 6,
        "room_size": "75.40",
        "smoking_allowed": true,
        "room_amenities": null
    }
},
{
    "model": "users.user",
    "pk": "0711a1f3-dcf4-4e04-be5a-aebf2f680872",
    "fields": {
        "password": "",
        "last_login": null,
        "is_superuser": false,
        "first_name": "",
        "last_name": "",
        "email": "owner18@example.com",
        "is_staff": false,
        "is_active": true,
        "date_joined": "2025-03-02T06:43:54.109Z",
        "username": "owner18",
        "phone_number": null,
        "is_hotel_owner": false,
        "groups": [],
        "user_permissions": []
    }
},
{
    "model": "users.user",
    "pk": "1c44dcc8-d794-47ec-9ce7-4eeed71348dc",
    "fields": {
        "password": "",
        "last_login": null,
        "is_superuser": false,
        "first_name": "Anju",
        "last_name": "Sharma",
        "email": "anju79090@gmail.com",
        "is_staff": false,
        "is_active": true,
        "date_joined": "2025-02-15T08:33:05.484Z",
        "username": "KAWPFXA7",
        "phone_number": "+9779864423114",
        "is_hotel_owner": false,
        "groups": [],
        "user_permissions": []
    }
},
{
    "model": "users.user",
    "pk": "2c38cfea-ff0f-4809-9ef5-e7ffa01583c6",
    "fields": {
        "password": "",
        "last_login": null,
        "is_superuser": false,
        "first_name": "",
        "last_name": "",
        "email": "owner4@example.com",
        "is_staff": false,
        "is_active": true,
        "date_joined": "2025-03-02T06:44:00.715Z",
        "username": "owner4",
        "phone_number": null,
        "is_hotel_owner": false,
        "groups": [],
        "user_permissions": []
    }
},
{
    "model": "users.user",
    "pk": "52574c1f-b052-4ed0-b7c5-8f3b02b3bed2",
    "fields": {
        "password": "",
        "last_login": null,
        "is_superuser": false,
        "first_name": "",
        "last_name": "",
        "email": "owner2@example.com",
        "is_staff": false,
        "is_active": true,
        "date_joined": "2025-03-02T06:43:55.232Z",
        "username": "owner2",
        "phone_number": null,
        "is_hotel_owner": false,
        "groups": [],
        "user_permissions": []
    }
},
{
    "model": "users.user",
    "pk": "5e02d875-97a3-4dc1-b653-e5a3afbd200e",
    "fields": {
        "password": "pbkdf2_sha256$870000$17CfBQbmtwaKSKEoTlrnFY$wg+29J9c7XpYFAgfmCAloL74JuGRt1k7D9RlVWIW12g=",
        "last_login": "2025-03-02T12:16:32.894Z",
        "is_superuser": true,
        "first_name": "siddhu",
        "last_name": "siddhu",
        "email": "siddhu@gmail.com",
        "is_staff": true,
        "is_active": true,
        "date_joined": "2025-01-24T07:59:57.271Z",
        "username": "siddhu",
        "phone_number": null,
        "is_hotel_owner": false,
        "groups": [],
        "user_permissions": []
    }
},
{
    "model": "users.user",
    "pk": "62a3e7d3-dc22-4ee7-8566-bcc49c35be77",
    "fields": {
        "password": "",
        "last_login": null,
        "is_superuser": false,
        "first_name": "",
        "last_name": "",
        "email": "owner20@example.com",
        "is_staff": false,
        "is_active": true,
        "date_joined": "2025-03-02T06:44:07.982Z",
        "username": "owner20",
        "phone_number": null,
        "is_hotel_owner": false,
        "groups": [],
        "user_permissions": []
    }
},
{
    "model": "users.user",
    "pk": "6fa99462-2d28-46fe-8316-850b3c8c3f8a",
    "fields": {
        "password": "",
        "last_login": null,
        "is_superuser": false,
        "first_name": "Navin",
        "last_name": "Lamsal",
        "email": "navinlamsal11@gmail.com",
        "is_staff": false,
        "is_active": true,
        "date_joined": "2025-02-09T05:25:47.646Z",
        "username": "MSTJ6O26",
        "phone_number": "+9779820604963",
        "is_hotel_owner": false,
        "groups": [],
        "user_permissions": []
    }
},
{
    "model": "users.user",
    "pk": "a8dc6365-9298-4e66-8b06-b201a04664cf",
    "fields": {
        "password": "",
        "last_login": null,
        "is_superuser": false,
        "first_name": "",
        "last_name": "",
        "email": "owner15@example.com",
        "is_staff": false,
        "is_active": true,
        "date_joined": "2025-03-02T06:43:58.542Z",
        "username": "owner15",
        "phone_number": null,
        "is_hotel_owner": false,
        "groups": [],
        "user_permissions": []
    }
},
{
    "model": "users.user",
    "pk": "ad3c8ba3-4153-4c47-bc1b-d6a411063f2b",
    "fields": {
        "password": "",
        "last_login": null,
        "is_superuser": false,
        "first_name": "",
        "last_name": "",
        "email": "owner16@example.com",
        "is_staff": false,
        "is_active": true,
        "date_joined": "2025-03-02T06:43:51.687Z",
        "username": "owner16",
        "phone_number": null,
        "is_hotel_owner": false,
        "groups": [],
        "user_permissions": []
    }
},
{
    "model": "users.user",
    "pk": "aed90b5f-8a9c-4681-a18d-c44b4f2c44bb",
    "fields": {
        "password": "",
        "last_login": null,
        "is_superuser": false,
        "first_name": "",
        "last_name": "",
        "email": "owner7@example.com",
        "is_staff": false,
        "is_active": true,
        "date_joined": "2025-03-02T06:43:53.070Z",
        "username": "owner7",
        "phone_number": null,
        "is_hotel_owner": false,
        "groups": [],
        "user_permissions": []
    }
},
{
    "model": "users.user",
    "pk": "b06301f8-b918-4abe-bab6-fab1d3a16fac",
    "fields": {
        "password": "",
        "last_login": null,
        "is_superuser": false,
        "first_name": "",
        "last_name": "",
        "email": "owner6@example.com",
        "is_staff": false,
        "is_active": true,
        "date_joined": "2025-03-02T06:43:56.364Z",
        "username": "owner6",
        "phone_number": null,
        "is_hotel_owner": false,
        "groups": [],
        "user_permissions": []
    }
},
{
    "model": "users.user",
    "pk": "bc26fd8f-9faa-4784-94f9-54265a6dec48",
    "fields": {
        "password": "",
        "last_login": null,
        "is_superuser": false,
        "first_name": "",
        "last_name": "",
        "email": "owner1@example.com",
        "is_staff": false,
        "is_active": true,
        "date_joined": "2025-03-02T06:38:31.099Z",
        "username": "owner1",
        "phone_number": null,
        "is_hotel_owner": false,
        "groups": [],
        "user_permissions": []
    }
},
{
    "model": "users.user",
    "pk": "c4585498-322c-4d74-ab28-478987716b27",
    "fields": {
        "password": "Programmer@1214",
        "last_login": null,
        "is_superuser": false,
        "first_name": "Sujit",
        "last_name": "Khanal",
        "email": "10sujitkhanal@gmail.com",
        "is_staff": false,
        "is_active": true,
        "date_joined": "2025-01-24T08:34:16Z",
        "username": "BWAHX5XK",
        "phone_number": "+9779842765535",
        "is_hotel_owner": true,
        "groups": [],
        "user_permissions": []
    }
},
{
    "model": "users.user",
    "pk": "dfc28b3a-85ed-46cb-87da-0310d57dda7b",
    "fields": {
        "password": "",
        "last_login": null,
        "is_superuser": false,
        "first_name": "",
        "last_name": "",
        "email": "owner19@example.com",
        "is_staff": false,
        "is_active": true,
        "date_joined": "2025-03-02T06:42:08.074Z",
        "username": "owner19",
        "phone_number": null,
        "is_hotel_owner": false,
        "groups": [],
        "user_permissions": []
    }
},
{
    "model": "users.user",
    "pk": "ec35016d-f76a-4ac8-ac3a-558793da1acd",
    "fields": {
        "password": "",
        "last_login": null,
        "is_superuser": false,
        "first_name": "",
        "last_name": "",
        "email": "owner8@example.com",
        "is_staff": false,
        "is_active": true,
        "date_joined": "2025-03-02T06:44:06.776Z",
        "username": "owner8",
        "phone_number": null,
        "is_hotel_owner": false,
        "groups": [],
        "user_permissions": []
    }
},
{
    "model": "offers.weeklyoffer",
    "pk": 2,
    "fields": {
        "property": "e3960ef5-ef08-4661-9767-2a0e3859c4be",
        "discount_percentage": "10.00",
        "start_date": "2025-03-01",
        "end_date": "2025-03-05",
        "description": "Book your stay now and enjoy an exclusive 10% discount on hotel bookings! Whether you're traveling for business or leisure, this offer allows you to experience comfort and luxury at a reduced price."
    }
},
{
    "model": "newsletter.newsletter",
    "pk": 1,
    "fields": {
        "email": "siddharthagautam668@gmail.com"
    }
},
{
    "model": "newsletter.newsletter",
    "pk": 2,
    "fields": {
        "email": "anju79090@gmail.com"
    }
},
{
    "model": "newsletter.newsletter",
    "pk": 3,
    "fields": {
        "email": "anju@gmail.com"
    }
},
{
    "model": "newsletter.newsletter",
    "pk": 4,
    "fields": {
        "email": "10sujitkhanal@gmail.com"
    }
},
{
    "model": "newsletter.newsletter",
    "pk": 5,
    "fields": {
        "email": "anju9864423114@gmail.com"
    }
},
{
    "model": "newsletter.newsletter",
    "pk": 6,
    "fields": {
        "email": "dummyemail@gmail.com"
    }
},
{
    "model": "newsletter.newsletter",
    "pk": 7,
    "fields": {
        "email": "hello@gmail.com"
    }
},
{
    "model": "newsletter.newsletter",
    "pk": 8,
    "fields": {
        "email": "anju5@gmail.com"
    }
},
{
    "model": "newsletter.newsletter",
    "pk": 9,
    "fields": {
        "email": "dummyser@gmail.com"
    }
},
{
    "model": "newsletter.newsletter",
    "pk": 10,
    "fields": {
        "email": "hello123@gmail.com"
    }
},
{
    "model": "newsletter.newsletter",
    "pk": 11,
    "fields": {
        "email": "anjugmabajsh@gmail.com"
    }
},
{
    "model": "newsletter.newsletter",
    "pk": 12,
    "fields": {
        "email": "anil@gmail.com"
    }
},
{
    "model": "newsletter.newsletter",
    "pk": 13,
    "fields": {
        "email": "sbkjw@gmail.com"
    }
},
{
    "model": "newsletter.newsletter",
    "pk": 14,
    "fields": {
        "email": "hello2@gmail.com"
    }
},
{
    "model": "newsletter.newsletter",
    "pk": 15,
    "fields": {
        "email": "hello24@gmail.com"
    }
},
{
    "model": "newsletter.newsletter",
    "pk": 16,
    "fields": {
        "email": "jyoti@gmail.com"
    }
},
{
    "model": "newsletter.newsletter",
    "pk": 17,
    "fields": {
        "email": "dummemail@gmail.com"
    }
},
{
    "model": "newsletter.newsletter",
    "pk": 18,
    "fields": {
        "email": "candidate@email.com"
    }
},
{
    "model": "newsletter.newsletter",
    "pk": 19,
    "fields": {
        "email": "anju7900@gmail.com"
    }
},
{
    "model": "newsletter.newsletter",
    "pk": 20,
    "fields": {
        "email": "anu@gmail.com"
    }
},
{
    "model": "newsletter.newsletter",
    "pk": 21,
    "fields": {
        "email": "anjusharma@gmail.com"
    }
},
{
    "model": "newsletter.newsletter",
    "pk": 22,
    "fields": {
        "email": "nzu79090@gmail.com"
    }
},
{
    "model": "newsletter.newsletter",
    "pk": 23,
    "fields": {
        "email": "officialunseenfaces@gmail.com"
    }
},
{
    "model": "newsletter.newsletter",
    "pk": 24,
    "fields": {
        "email": "anju16443@gmail.com"
    }
},
{
    "model": "newsletter.newsletter",
    "pk": 25,
    "fields": {
        "email": "pawan@gmail.com"
    }
}
]
